location_id,plot_id,treatment_id,replication,plot_label,observation_day,date_of_observation,plant_count_1m,plant_count_5m,plant_count_15m,number_of_node,node_length_cm,millable_cane_count,cane_girth_cm,number_of_tillers,number_of_leaves,plant_height_cm,leaf_length_cm,leaf_breadth_cm,germination_pct,source_file,source_sheet
L003,P034,T1,,A,30,03.02.2026,,,,5.0,,,,1.0,3.0,30.0,35.0,2.0,,anthiyur_biometric_observations.xlsx,30 DAY
L003,P034,T1,,A,30,03.02.2026,,,,6.0,,,,0.0,4.0,29.0,32.0,1.5,,anthiyur_biometric_observations.xlsx,30 DAY
L003,P034,T1,,A,30,03.02.2026,,,,5.0,,,,0.0,3.0,32.0,28.0,1.9,,anthiyur_biometric_observations.xlsx,30 DAY
L003,P034,T1,,A,30,03.02.2026,,,,7.0,,,,1.0,4.0,25.0,32.0,1.8,,anthiyur_biometric_observations.xlsx,30 DAY
L003,P034,T1,,A,30,03.02.2026,,,,5.0,,,,0.0,4.0,28.0,33.0,1.8,,anthiyur_biometric_observations.xlsx,30 DAY
L003,P035,T2,,B,30,03.02.2026,,,,6.0,,,,0.0,3.0,28.0,32.0,1.8,,anthiyur_biometric_observations.xlsx,30 DAY
L003,P035,T2,,B,30,03.02.2026,,,,5.0,,,,0.0,4.0,32.0,25.0,1.2,,anthiyur_biometric_observations.xlsx,30 DAY
L003,P035,T2,,B,30,03.02.2026,,,,5.0,,,,0.0,3.0,25.0,22.0,1.6,,anthiyur_biometric_observations.xlsx,30 DAY
L003,P035,T2,,B,30,03.02.2026,,,,7.0,,,,0.0,3.0,30.0,27.0,1.2,,anthiyur_biometric_observations.xlsx,30 DAY
L003,P035,T2,,B,30,03.02.2026,,,,6.0,,,,0.0,4.0,27.0,26.0,1.5,,anthiyur_biometric_observations.xlsx,30 DAY
L003,P036,T3,,C,30,03.02.2026,,,,5.0,,,,0.0,4.0,35.0,33.0,2.1,,anthiyur_biometric_observations.xlsx,30 DAY
L003,P036,T3,,C,30,03.02.2026,,,,6.0,,,,0.0,5.0,33.0,35.0,2.3,,anthiyur_biometric_observations.xlsx,30 DAY
L003,P036,T3,,C,30,03.02.2026,,,,5.0,,,,0.0,6.0,36.0,29.0,2.0,,anthiyur_biometric_observations.xlsx,30 DAY
L003,P036,T3,,C,30,03.02.2026,,,,7.0,,,,0.0,5.0,25.0,31.0,1.9,,anthiyur_biometric_observations.xlsx,30 DAY
L003,P036,T3,,C,30,03.02.2026,,,,5.0,,,,0.0,4.0,30.0,32.0,1.7,,anthiyur_biometric_observations.xlsx,30 DAY
L003,P037,T4,,D,30,03.02.2026,,,,5.0,,,,0.0,4.0,29.0,22.0,2.0,,anthiyur_biometric_observations.xlsx,30 DAY
L003,P037,T4,,D,30,03.02.2026,,,,6.0,,,,0.0,5.0,32.0,25.0,1.7,,anthiyur_biometric_observations.xlsx,30 DAY
L003,P037,T4,,D,30,03.02.2026,,,,6.0,,,,0.0,4.0,30.0,27.0,1.8,,anthiyur_biometric_observations.xlsx,30 DAY
L003,P037,T4,,D,30,03.02.2026,,,,5.0,,,,0.0,3.0,28.0,20.0,1.7,,anthiyur_biometric_observations.xlsx,30 DAY
L003,P037,T4,,D,30,03.02.2026,,,,7.0,,,,0.0,4.0,35.0,28.0,1.5,,anthiyur_biometric_observations.xlsx,30 DAY
L003,P038,T5,,E,30,03.02.2026,,,,6.0,,,,0.0,4.0,42.0,48.0,2.1,,anthiyur_biometric_observations.xlsx,30 DAY
L003,P038,T5,,E,30,03.02.2026,,,,7.0,,,,0.0,5.0,47.0,54.0,2.0,,anthiyur_biometric_observations.xlsx,30 DAY
L003,P038,T5,,E,30,03.02.2026,,,,5.0,,,,0.0,4.0,43.0,52.0,1.8,,anthiyur_biometric_observations.xlsx,30 DAY
L003,P038,T5,,E,30,03.02.2026,,,,6.0,,,,0.0,5.0,41.0,49.0,1.9,,anthiyur_biometric_observations.xlsx,30 DAY
L003,P038,T5,,E,30,03.02.2026,,,,5.0,,,,0.0,6.0,39.0,50.0,1.7,,anthiyur_biometric_observations.xlsx,30 DAY
L003,P034,T1,,A,40,13.02.2026,,,,6.0,,,,5.0,5.0,85.0,65.0,3.0,,anthiyur_biometric_observations.xlsx,40 DAY
L003,P034,T1,,A,40,13.02.2026,,,,7.0,,,,4.0,6.0,92.0,77.0,2.8,,anthiyur_biometric_observations.xlsx,40 DAY
L003,P034,T1,,A,40,13.02.2026,,,,5.0,,,,3.0,5.0,87.0,69.0,3.1,,anthiyur_biometric_observations.xlsx,40 DAY
L003,P034,T1,,A,40,13.02.2026,,,,6.0,,,,4.0,6.0,90.0,72.0,3.2,,anthiyur_biometric_observations.xlsx,40 DAY
L003,P034,T1,,A,40,13.02.2026,,,,5.0,,,,3.0,6.0,88.0,70.0,2.9,,anthiyur_biometric_observations.xlsx,40 DAY
L003,P035,T2,,B,40,13.02.2026,,,,9.0,,,,4.0,4.0,65.0,52.0,2.5,,anthiyur_biometric_observations.xlsx,40 DAY
L003,P035,T2,,B,40,13.02.2026,,,,5.0,,,,3.0,5.0,69.0,56.0,2.4,,anthiyur_biometric_observations.xlsx,40 DAY
L003,P035,T2,,B,40,13.02.2026,,,,7.0,,,,3.0,5.0,82.0,54.0,2.3,,anthiyur_biometric_observations.xlsx,40 DAY
L003,P035,T2,,B,40,13.02.2026,,,,6.0,,,,2.0,6.0,70.0,62.0,2.2,,anthiyur_biometric_observations.xlsx,40 DAY
L003,P035,T2,,B,40,13.02.2026,,,,5.0,,,,4.0,5.0,76.0,57.0,2.4,,anthiyur_biometric_observations.xlsx,40 DAY
L003,P036,T3,,C,40,13.02.2026,,,,6.0,,,,4.0,5.0,75.0,50.0,2.8,,anthiyur_biometric_observations.xlsx,40 DAY
L003,P036,T3,,C,40,13.02.2026,,,,5.0,,,,3.0,6.0,79.0,56.0,2.5,,anthiyur_biometric_observations.xlsx,40 DAY
L003,P036,T3,,C,40,13.02.2026,,,,7.0,,,,2.0,6.0,80.0,63.0,2.4,,anthiyur_biometric_observations.xlsx,40 DAY
L003,P036,T3,,C,40,13.02.2026,,,,5.0,,,,3.0,5.0,82.0,61.0,2.3,,anthiyur_biometric_observations.xlsx,40 DAY
L003,P036,T3,,C,40,13.02.2026,,,,6.0,,,,2.0,5.0,83.0,60.0,2.5,,anthiyur_biometric_observations.xlsx,40 DAY
L003,P037,T4,,D,40,13.02.2026,,,,6.0,,,,4.0,6.0,68.0,65.0,2.2,,anthiyur_biometric_observations.xlsx,40 DAY
L003,P037,T4,,D,40,13.02.2026,,,,5.0,,,,2.0,7.0,72.0,62.0,2.3,,anthiyur_biometric_observations.xlsx,40 DAY
L003,P037,T4,,D,40,13.02.2026,,,,6.0,,,,2.0,6.0,65.0,63.0,2.9,,anthiyur_biometric_observations.xlsx,40 DAY
L003,P037,T4,,D,40,13.02.2026,,,,7.0,,,,3.0,5.0,66.0,60.0,2.5,,anthiyur_biometric_observations.xlsx,40 DAY
L003,P037,T4,,D,40,13.02.2026,,,,6.0,,,,2.0,6.0,72.0,64.0,2.2,,anthiyur_biometric_observations.xlsx,40 DAY
L003,P038,T5,,E,40,13.02.2026,,,,6.0,,,,3.0,6.0,102.0,75.0,2.5,,anthiyur_biometric_observations.xlsx,40 DAY
L003,P038,T5,,E,40,13.02.2026,,,,5.0,,,,2.0,5.0,97.0,73.0,2.7,,anthiyur_biometric_observations.xlsx,40 DAY
L003,P038,T5,,E,40,13.02.2026,,,,6.0,,,,4.0,6.0,94.0,77.0,2.9,,anthiyur_biometric_observations.xlsx,40 DAY
L003,P038,T5,,E,40,13.02.2026,,,,8.0,,,,3.0,6.0,96.0,78.0,3.1,,anthiyur_biometric_observations.xlsx,40 DAY
L003,P038,T5,,E,40,13.02.2026,,,,6.0,,,,4.0,5.0,99.0,80.0,2.8,,anthiyur_biometric_observations.xlsx,40 DAY
L003,P034,T1,,A,50,23.02.2026,,,,,,78.0,,6.0,6.0,103.0,89.0,3.0,,anthiyur_biometric_observations.xlsx,50 DAY
L003,P034,T1,,A,50,23.02.2026,,,,,,77.0,,9.0,9.0,118.0,91.0,2.8,,anthiyur_biometric_observations.xlsx,50 DAY
L003,P034,T1,,A,50,23.02.2026,,,,,,75.0,,7.0,7.0,105.0,85.0,2.9,,anthiyur_biometric_observations.xlsx,50 DAY
L003,P034,T1,,A,50,23.02.2026,,,,,,67.0,,6.0,8.0,111.0,93.0,3.1,,anthiyur_biometric_observations.xlsx,50 DAY
L003,P034,T1,,A,50,23.02.2026,,,,,,65.0,,9.0,8.0,114.0,90.0,2.5,,anthiyur_biometric_observations.xlsx,50 DAY
L003,P035,T2,,B,50,23.02.2026,,,,,,54.0,,5.0,6.0,95.0,79.0,2.2,,anthiyur_biometric_observations.xlsx,50 DAY
L003,P035,T2,,B,50,23.02.2026,,,,,,56.0,,4.0,7.0,90.0,81.0,2.5,,anthiyur_biometric_observations.xlsx,50 DAY
L003,P035,T2,,B,50,23.02.2026,,,,,,59.0,,6.0,8.0,92.0,76.0,2.1,,anthiyur_biometric_observations.xlsx,50 DAY
L003,P035,T2,,B,50,23.02.2026,,,,,,62.0,,5.0,7.0,89.0,83.0,2.3,,anthiyur_biometric_observations.xlsx,50 DAY
L003,P035,T2,,B,50,23.02.2026,,,,,,57.0,,3.0,8.0,96.0,78.0,2.2,,anthiyur_biometric_observations.xlsx,50 DAY
L003,P036,T3,,C,50,23.02.2026,,,,,,57.0,,4.0,7.0,89.0,73.0,2.2,,anthiyur_biometric_observations.xlsx,50 DAY
L003,P036,T3,,C,50,23.02.2026,,,,,,55.0,,3.0,8.0,92.0,79.0,2.4,,anthiyur_biometric_observations.xlsx,50 DAY
L003,P036,T3,,C,50,23.02.2026,,,,,,59.0,,2.0,6.0,95.0,77.0,2.9,,anthiyur_biometric_observations.xlsx,50 DAY
L003,P036,T3,,C,50,23.02.2026,,,,,,57.0,,4.0,7.0,87.0,82.0,2.8,,anthiyur_biometric_observations.xlsx,50 DAY
L003,P036,T3,,C,50,23.02.2026,,,,,,54.0,,5.0,8.0,80.0,88.0,2.5,,anthiyur_biometric_observations.xlsx,50 DAY
L003,P037,T4,,D,50,23.02.2026,,,,,,55.0,,5.0,7.0,82.0,69.0,2.1,,anthiyur_biometric_observations.xlsx,50 DAY
L003,P037,T4,,D,50,23.02.2026,,,,,,57.0,,2.0,6.0,92.0,71.0,1.9,,anthiyur_biometric_observations.xlsx,50 DAY
L003,P037,T4,,D,50,23.02.2026,,,,,,53.0,,3.0,8.0,85.0,72.0,2.0,,anthiyur_biometric_observations.xlsx,50 DAY
L003,P037,T4,,D,50,23.02.2026,,,,,,59.0,,5.0,7.0,80.0,75.0,2.2,,anthiyur_biometric_observations.xlsx,50 DAY
L003,P037,T4,,D,50,23.02.2026,,,,,,53.0,,3.0,6.0,79.0,79.0,2.5,,anthiyur_biometric_observations.xlsx,50 DAY
L003,P038,T5,,E,50,23.02.2026,,,,,,69.0,,5.0,6.0,115.0,89.0,3.0,,anthiyur_biometric_observations.xlsx,50 DAY
L003,P038,T5,,E,50,23.02.2026,,,,,,71.0,,4.0,8.0,120.0,82.0,2.9,,anthiyur_biometric_observations.xlsx,50 DAY
L003,P038,T5,,E,50,23.02.2026,,,,,,65.0,,7.0,7.0,107.0,89.0,2.8,,anthiyur_biometric_observations.xlsx,50 DAY
L003,P038,T5,,E,50,23.02.2026,,,,,,68.0,,6.0,8.0,101.0,90.0,2.5,,anthiyur_biometric_observations.xlsx,50 DAY
L003,P038,T5,,E,50,23.02.2026,,,,,,73.0,,4.0,7.0,99.0,97.0,2.8,,anthiyur_biometric_observations.xlsx,50 DAY
L003,P034,T1,,A,60,05.03.2026,,,,,,,,9.0,10.0,140.0,100.0,3.2,,anthiyur_biometric_observations.xlsx,60 DAY
L003,P034,T1,,A,60,05.03.2026,,,,,,,,12.0,9.0,160.0,113.0,2.9,,anthiyur_biometric_observations.xlsx,60 DAY
L003,P034,T1,,A,60,05.03.2026,,,,,,,,11.0,8.0,135.0,106.0,2.5,,anthiyur_biometric_observations.xlsx,60 DAY
L003,P034,T1,,A,60,05.03.2026,,,,,,,,7.0,9.0,130.0,117.0,3.2,,anthiyur_biometric_observations.xlsx,60 DAY
L003,P034,T1,,A,60,05.03.2026,,,,,,,,9.0,9.0,132.0,109.0,3.0,,anthiyur_biometric_observations.xlsx,60 DAY
L003,P035,T2,,B,60,05.03.2026,,,,,,,,6.0,8.0,130.0,100.0,2.2,,anthiyur_biometric_observations.xlsx,60 DAY
L003,P035,T2,,B,60,05.03.2026,,,,,,,,9.0,9.0,125.0,97.0,2.4,,anthiyur_biometric_observations.xlsx,60 DAY
L003,P035,T2,,B,60,05.03.2026,,,,,,,,7.0,8.0,132.0,94.0,2.0,,anthiyur_biometric_observations.xlsx,60 DAY
L003,P035,T2,,B,60,05.03.2026,,,,,,,,6.0,8.0,120.0,103.0,2.7,,anthiyur_biometric_observations.xlsx,60 DAY
L003,P035,T2,,B,60,05.03.2026,,,,,,,,7.0,7.0,107.0,98.0,2.5,,anthiyur_biometric_observations.xlsx,60 DAY
L003,P036,T3,,C,60,05.03.2026,,,,,,,,5.0,7.0,105.0,95.0,2.3,,anthiyur_biometric_observations.xlsx,60 DAY
L003,P036,T3,,C,60,05.03.2026,,,,,,,,7.0,8.0,112.0,92.0,2.8,,anthiyur_biometric_observations.xlsx,60 DAY
L003,P036,T3,,C,60,05.03.2026,,,,,,,,4.0,9.0,115.0,99.0,2.9,,anthiyur_biometric_observations.xlsx,60 DAY
L003,P036,T3,,C,60,05.03.2026,,,,,,,,8.0,8.0,119.0,105.0,2.6,,anthiyur_biometric_observations.xlsx,60 DAY
L003,P036,T3,,C,60,05.03.2026,,,,,,,,5.0,9.0,108.0,89.0,2.3,,anthiyur_biometric_observations.xlsx,60 DAY
L003,P037,T4,,D,60,05.03.2026,,,,,,,,2.0,7.0,110.0,69.0,1.9,,anthiyur_biometric_observations.xlsx,60 DAY
L003,P037,T4,,D,60,05.03.2026,,,,,,,,4.0,9.0,115.0,89.0,2.1,,anthiyur_biometric_observations.xlsx,60 DAY
L003,P037,T4,,D,60,05.03.2026,,,,,,,,5.0,8.0,107.0,85.0,2.0,,anthiyur_biometric_observations.xlsx,60 DAY
L003,P037,T4,,D,60,05.03.2026,,,,,,,,8.0,7.0,89.0,87.0,2.3,,anthiyur_biometric_observations.xlsx,60 DAY
L003,P037,T4,,D,60,05.03.2026,,,,,,,,6.0,9.0,98.0,91.0,2.8,,anthiyur_biometric_observations.xlsx,60 DAY
L003,P038,T5,,E,60,05.03.2026,,,,,,,,9.0,9.0,140.0,103.0,2.8,,anthiyur_biometric_observations.xlsx,60 DAY
L003,P038,T5,,E,60,05.03.2026,,,,,,,,7.0,8.0,135.0,112.0,3.2,,anthiyur_biometric_observations.xlsx,60 DAY
L003,P038,T5,,E,60,05.03.2026,,,,,,,,5.0,9.0,127.0,109.0,2.3,,anthiyur_biometric_observations.xlsx,60 DAY
L003,P038,T5,,E,60,05.03.2026,,,,,,,,8.0,9.0,117.0,108.0,2.9,,anthiyur_biometric_observations.xlsx,60 DAY
L003,P038,T5,,E,60,05.03.2026,,,,,,,,11.0,8.0,136.0,111.0,3.0,,anthiyur_biometric_observations.xlsx,60 DAY
L003,P034,T1,,A,70,15.03.2026,,,,,,,,8.0,7.0,145.0,112.0,3.3,,anthiyur_biometric_observations.xlsx,70 DAY
L003,P034,T1,,A,70,15.03.2026,,,,,,,,7.0,8.0,152.0,119.0,3.0,,anthiyur_biometric_observations.xlsx,70 DAY
L003,P034,T1,,A,70,15.03.2026,,,,,,,,5.0,9.0,159.0,115.0,2.9,,anthiyur_biometric_observations.xlsx,70 DAY
L003,P034,T1,,A,70,15.03.2026,,,,,,,,6.0,8.0,148.0,114.0,2.5,,anthiyur_biometric_observations.xlsx,70 DAY
L003,P034,T1,,A,70,15.03.2026,,,,,,,,9.0,9.0,155.0,108.0,2.7,,anthiyur_biometric_observations.xlsx,70 DAY
L003,P035,T2,,B,70,15.03.2026,,,,,,,,5.0,7.0,127.0,102.0,3.0,,anthiyur_biometric_observations.xlsx,70 DAY
L003,P035,T2,,B,70,15.03.2026,,,,,,,,7.0,8.0,145.0,109.0,2.7,,anthiyur_biometric_observations.xlsx,70 DAY
L003,P035,T2,,B,70,15.03.2026,,,,,,,,6.0,9.0,152.0,112.0,2.6,,anthiyur_biometric_observations.xlsx,70 DAY
L003,P035,T2,,B,70,15.03.2026,,,,,,,,5.0,9.0,139.0,107.0,2.7,,anthiyur_biometric_observations.xlsx,70 DAY
L003,P035,T2,,B,70,15.03.2026,,,,,,,,9.0,8.0,135.0,105.0,2.6,,anthiyur_biometric_observations.xlsx,70 DAY
L003,P036,T3,,C,70,15.03.2026,,,,,,,,9.0,9.0,125.0,98.0,2.6,,anthiyur_biometric_observations.xlsx,70 DAY
L003,P036,T3,,C,70,15.03.2026,,,,,,,,7.0,8.0,143.0,99.0,2.3,,anthiyur_biometric_observations.xlsx,70 DAY
L003,P036,T3,,C,70,15.03.2026,,,,,,,,6.0,9.0,152.0,97.0,3.0,,anthiyur_biometric_observations.xlsx,70 DAY
L003,P036,T3,,C,70,15.03.2026,,,,,,,,5.0,8.0,128.0,108.0,2.7,,anthiyur_biometric_observations.xlsx,70 DAY
L003,P036,T3,,C,70,15.03.2026,,,,,,,,8.0,8.0,139.0,113.0,2.9,,anthiyur_biometric_observations.xlsx,70 DAY
L003,P037,T4,,D,70,15.03.2026,,,,,,,,6.0,9.0,105.0,88.0,2.4,,anthiyur_biometric_observations.xlsx,70 DAY
L003,P037,T4,,D,70,15.03.2026,,,,,,,,5.0,8.0,98.0,75.0,2.1,,anthiyur_biometric_observations.xlsx,70 DAY
L003,P037,T4,,D,70,15.03.2026,,,,,,,,4.0,7.0,103.0,72.0,2.7,,anthiyur_biometric_observations.xlsx,70 DAY
L003,P037,T4,,D,70,15.03.2026,,,,,,,,5.0,8.0,125.0,83.0,2.6,,anthiyur_biometric_observations.xlsx,70 DAY
L003,P037,T4,,D,70,15.03.2026,,,,,,,,6.0,7.0,117.0,85.0,2.5,,anthiyur_biometric_observations.xlsx,70 DAY
L003,P038,T5,,E,70,15.03.2026,,,,,,,,9.0,9.0,135.0,110.0,2.8,,anthiyur_biometric_observations.xlsx,70 DAY
L003,P038,T5,,E,70,15.03.2026,,,,,,,,8.0,10.0,128.0,115.0,3.2,,anthiyur_biometric_observations.xlsx,70 DAY
L003,P038,T5,,E,70,15.03.2026,,,,,,,,8.0,9.0,139.0,105.0,3.0,,anthiyur_biometric_observations.xlsx,70 DAY
L003,P038,T5,,E,70,15.03.2026,,,,,,,,6.0,8.0,143.0,102.0,2.9,,anthiyur_biometric_observations.xlsx,70 DAY
L003,P038,T5,,E,70,15.03.2026,,,,,,,,10.0,9.0,138.0,95.0,2.6,,anthiyur_biometric_observations.xlsx,70 DAY
L003,P034,T1,,A,80,25.03.2026,,,,,,,,12.0,10.0,176.0,133.0,3.8,,anthiyur_biometric_observations.xlsx,80 DAY
L003,P034,T1,,A,80,25.03.2026,,,,,,,,6.0,9.0,185.0,127.0,3.0,,anthiyur_biometric_observations.xlsx,80 DAY
L003,P034,T1,,A,80,25.03.2026,,,,,,,,7.0,9.0,180.0,123.0,3.1,,anthiyur_biometric_observations.xlsx,80 DAY
L003,P034,T1,,A,80,25.03.2026,,,,,,,,9.0,8.0,170.0,128.0,3.3,,anthiyur_biometric_observations.xlsx,80 DAY
L003,P034,T1,,A,80,25.03.2026,,,,,,,,8.0,10.0,165.0,135.0,2.9,,anthiyur_biometric_observations.xlsx,80 DAY
L003,P035,T2,,B,80,25.03.2026,,,,,,,,6.0,9.0,120.0,135.0,2.8,,anthiyur_biometric_observations.xlsx,80 DAY
L003,P035,T2,,B,80,25.03.2026,,,,,,,,5.0,9.0,168.0,115.0,2.6,,anthiyur_biometric_observations.xlsx,80 DAY
L003,P035,T2,,B,80,25.03.2026,,,,,,,,5.0,8.0,162.0,121.0,3.0,,anthiyur_biometric_observations.xlsx,80 DAY
L003,P035,T2,,B,80,25.03.2026,,,,,,,,7.0,8.0,146.0,123.0,3.2,,anthiyur_biometric_observations.xlsx,80 DAY
L003,P035,T2,,B,80,25.03.2026,,,,,,,,9.0,10.0,149.0,119.0,3.1,,anthiyur_biometric_observations.xlsx,80 DAY
L003,P036,T3,,C,80,25.03.2026,,,,,,,,8.0,8.0,175.0,117.0,3.1,,anthiyur_biometric_observations.xlsx,80 DAY
L003,P036,T3,,C,80,25.03.2026,,,,,,,,5.0,9.0,163.0,113.0,2.3,,anthiyur_biometric_observations.xlsx,80 DAY
L003,P036,T3,,C,80,25.03.2026,,,,,,,,4.0,9.0,189.0,131.0,2.9,,anthiyur_biometric_observations.xlsx,80 DAY
L003,P036,T3,,C,80,25.03.2026,,,,,,,,7.0,8.0,154.0,125.0,2.5,,anthiyur_biometric_observations.xlsx,80 DAY
L003,P036,T3,,C,80,25.03.2026,,,,,,,,5.0,9.0,164.0,106.0,3.0,,anthiyur_biometric_observations.xlsx,80 DAY
L003,P037,T4,,D,80,25.03.2026,,,,,,,,5.0,10.0,151.0,111.0,2.5,,anthiyur_biometric_observations.xlsx,80 DAY
L003,P037,T4,,D,80,25.03.2026,,,,,,,,4.0,7.0,147.0,129.0,3.1,,anthiyur_biometric_observations.xlsx,80 DAY
L003,P037,T4,,D,80,25.03.2026,,,,,,,,5.0,9.0,169.0,95.0,2.7,,anthiyur_biometric_observations.xlsx,80 DAY
L003,P037,T4,,D,80,25.03.2026,,,,,,,,8.0,8.0,160.0,101.0,2.4,,anthiyur_biometric_observations.xlsx,80 DAY
L003,P037,T4,,D,80,25.03.2026,,,,,,,,6.0,9.0,155.0,99.0,2.9,,anthiyur_biometric_observations.xlsx,80 DAY
L003,P038,T5,,E,80,25.03.2026,,,,,,,,6.0,9.0,162.0,109.0,3.6,,anthiyur_biometric_observations.xlsx,80 DAY
L003,P038,T5,,E,80,25.03.2026,,,,,,,,9.0,9.0,169.0,101.0,3.2,,anthiyur_biometric_observations.xlsx,80 DAY
L003,P038,T5,,E,80,25.03.2026,,,,,,,,6.0,10.0,183.0,133.0,2.9,,anthiyur_biometric_observations.xlsx,80 DAY
L003,P038,T5,,E,80,25.03.2026,,,,,,,,8.0,9.0,189.0,120.0,3.1,,anthiyur_biometric_observations.xlsx,80 DAY
L003,P038,T5,,E,80,25.03.2026,,,,,,,,5.0,8.0,172.0,132.0,2.8,,anthiyur_biometric_observations.xlsx,80 DAY
L003,P034,T1,,A,90,04.04.2026,,,,,,,,12.0,9.0,230.0,124.0,4.4,,anthiyur_biometric_observations.xlsx,90 DAY
L003,P034,T1,,A,90,04.04.2026,,,,,,,,7.0,10.0,205.0,135.0,4.0,,anthiyur_biometric_observations.xlsx,90 DAY
L003,P034,T1,,A,90,04.04.2026,,,,,,,,9.0,9.0,215.0,130.0,3.5,,anthiyur_biometric_observations.xlsx,90 DAY
L003,P034,T1,,A,90,04.04.2026,,,,,,,,5.0,8.0,202.0,142.0,3.7,,anthiyur_biometric_observations.xlsx,90 DAY
L003,P034,T1,,A,90,04.04.2026,,,,,,,,6.0,9.0,195.0,120.0,3.0,,anthiyur_biometric_observations.xlsx,90 DAY
L003,P035,T2,,B,90,04.04.2026,,,,,,,,10.0,9.0,210.0,125.0,3.0,,anthiyur_biometric_observations.xlsx,90 DAY
L003,P035,T2,,B,90,04.04.2026,,,,,,,,8.0,8.0,190.0,130.0,2.9,,anthiyur_biometric_observations.xlsx,90 DAY
L003,P035,T2,,B,90,04.04.2026,,,,,,,,5.0,9.0,185.0,137.0,3.4,,anthiyur_biometric_observations.xlsx,90 DAY
L003,P035,T2,,B,90,04.04.2026,,,,,,,,6.0,8.0,195.0,129.0,3.9,,anthiyur_biometric_observations.xlsx,90 DAY
L003,P035,T2,,B,90,04.04.2026,,,,,,,,4.0,9.0,215.0,135.0,3.4,,anthiyur_biometric_observations.xlsx,90 DAY
L003,P036,T3,,C,90,04.04.2026,,,,,,,,11.0,9.0,205.0,117.0,3.2,,anthiyur_biometric_observations.xlsx,90 DAY
L003,P036,T3,,C,90,04.04.2026,,,,,,,,8.0,10.0,190.0,130.0,3.7,,anthiyur_biometric_observations.xlsx,90 DAY
L003,P036,T3,,C,90,04.04.2026,,,,,,,,4.0,8.0,200.0,125.0,4.0,,anthiyur_biometric_observations.xlsx,90 DAY
L003,P036,T3,,C,90,04.04.2026,,,,,,,,6.0,9.0,185.0,132.0,3.1,,anthiyur_biometric_observations.xlsx,90 DAY
L003,P036,T3,,C,90,04.04.2026,,,,,,,,7.0,9.0,182.0,122.0,3.5,,anthiyur_biometric_observations.xlsx,90 DAY
L003,P037,T4,,D,90,04.04.2026,,,,,,,,6.0,9.0,175.0,105.0,2.8,,anthiyur_biometric_observations.xlsx,90 DAY
L003,P037,T4,,D,90,04.04.2026,,,,,,,,5.0,8.0,189.0,128.0,3.9,,anthiyur_biometric_observations.xlsx,90 DAY
L003,P037,T4,,D,90,04.04.2026,,,,,,,,11.0,9.0,205.0,120.0,3.5,,anthiyur_biometric_observations.xlsx,90 DAY
L003,P037,T4,,D,90,04.04.2026,,,,,,,,8.0,9.0,192.0,117.0,2.9,,anthiyur_biometric_observations.xlsx,90 DAY
L003,P037,T4,,D,90,04.04.2026,,,,,,,,4.0,8.0,201.0,112.0,3.2,,anthiyur_biometric_observations.xlsx,90 DAY
L003,P038,T5,,E,90,04.04.2026,,,,,,,,5.0,9.0,220.0,142.0,3.9,,anthiyur_biometric_observations.xlsx,90 DAY
L003,P038,T5,,E,90,04.04.2026,,,,,,,,7.0,10.0,215.0,140.0,4.1,,anthiyur_biometric_observations.xlsx,90 DAY
L003,P038,T5,,E,90,04.04.2026,,,,,,,,11.0,9.0,225.0,135.0,3.3,,anthiyur_biometric_observations.xlsx,90 DAY
L003,P038,T5,,E,90,04.04.2026,,,,,,,,8.0,9.0,201.0,139.0,3.5,,anthiyur_biometric_observations.xlsx,90 DAY
L003,P038,T5,,E,90,04.04.2026,,,,,,,,9.0,9.0,211.0,132.0,3.8,,anthiyur_biometric_observations.xlsx,90 DAY
L003,P034,T1,,A,100,15.04.2026,,,,,,,,9.0,9.0,252.0,139.0,4.4,,anthiyur_biometric_observations.xlsx,100 DAY
L003,P034,T1,,A,100,15.04.2026,,,,,,,,6.0,8.0,270.0,142.0,4.9,,anthiyur_biometric_observations.xlsx,100 DAY
L003,P034,T1,,A,100,15.04.2026,,,,,,,,7.0,9.0,259.0,155.0,3.9,,anthiyur_biometric_observations.xlsx,100 DAY
L003,P034,T1,,A,100,15.04.2026,,,,,,,,5.0,9.0,262.0,140.0,3.5,,anthiyur_biometric_observations.xlsx,100 DAY
L003,P034,T1,,A,100,15.04.2026,,,,,,,,11.0,8.0,242.0,143.0,3.0,,anthiyur_biometric_observations.xlsx,100 DAY
L003,P035,T2,,B,100,15.04.2026,,,,,,,,9.0,9.0,242.0,132.0,3.3,,anthiyur_biometric_observations.xlsx,100 DAY
L003,P035,T2,,B,100,15.04.2026,,,,,,,,8.0,9.0,252.0,129.0,3.0,,anthiyur_biometric_observations.xlsx,100 DAY
L003,P035,T2,,B,100,15.04.2026,,,,,,,,7.0,8.0,249.0,145.0,3.9,,anthiyur_biometric_observations.xlsx,100 DAY
L003,P035,T2,,B,100,15.04.2026,,,,,,,,10.0,9.0,265.0,139.0,3.5,,anthiyur_biometric_observations.xlsx,100 DAY
L003,P035,T2,,B,100,15.04.2026,,,,,,,,5.0,8.0,240.0,135.0,4.3,,anthiyur_biometric_observations.xlsx,100 DAY
L003,P036,T3,,C,100,15.04.2026,,,,,,,,10.0,9.0,211.0,122.0,3.5,,anthiyur_biometric_observations.xlsx,100 DAY
L003,P036,T3,,C,100,15.04.2026,,,,,,,,8.0,9.0,200.0,132.0,3.4,,anthiyur_biometric_observations.xlsx,100 DAY
L003,P036,T3,,C,100,15.04.2026,,,,,,,,7.0,8.0,215.0,139.0,4.0,,anthiyur_biometric_observations.xlsx,100 DAY
L003,P036,T3,,C,100,15.04.2026,,,,,,,,5.0,9.0,199.0,125.0,4.2,,anthiyur_biometric_observations.xlsx,100 DAY
L003,P036,T3,,C,100,15.04.2026,,,,,,,,7.0,8.0,201.0,129.0,3.1,,anthiyur_biometric_observations.xlsx,100 DAY
L003,P037,T4,,D,100,15.04.2026,,,,,,,,6.0,9.0,201.0,115.0,4.0,,anthiyur_biometric_observations.xlsx,100 DAY
L003,P037,T4,,D,100,15.04.2026,,,,,,,,4.0,9.0,198.0,138.0,3.9,,anthiyur_biometric_observations.xlsx,100 DAY
L003,P037,T4,,D,100,15.04.2026,,,,,,,,5.0,8.0,215.0,129.0,3.8,,anthiyur_biometric_observations.xlsx,100 DAY
L003,P037,T4,,D,100,15.04.2026,,,,,,,,9.0,8.0,199.0,127.0,3.7,,anthiyur_biometric_observations.xlsx,100 DAY
L003,P037,T4,,D,100,15.04.2026,,,,,,,,7.0,8.0,210.0,121.0,3.9,,anthiyur_biometric_observations.xlsx,100 DAY
L003,P038,T5,,E,100,15.04.2026,,,,,,,,5.0,8.0,240.0,140.0,3.9,,anthiyur_biometric_observations.xlsx,100 DAY
L003,P038,T5,,E,100,15.04.2026,,,,,,,,11.0,9.0,249.0,139.0,4.0,,anthiyur_biometric_observations.xlsx,100 DAY
L003,P038,T5,,E,100,15.04.2026,,,,,,,,9.0,9.0,235.0,129.0,3.5,,anthiyur_biometric_observations.xlsx,100 DAY
L003,P038,T5,,E,100,15.04.2026,,,,,,,,6.0,8.0,238.0,135.0,3.7,,anthiyur_biometric_observations.xlsx,100 DAY
L003,P038,T5,,E,100,15.04.2026,,,,,,,,4.0,9.0,229.0,137.0,4.2,,anthiyur_biometric_observations.xlsx,100 DAY
L003,P034,T1,,A,110,25.04.2026,,,,,,,,6.0,9.0,280.0,160.0,3.9,,anthiyur_biometric_observations.xlsx,110 DAY
L003,P034,T1,,A,110,25.04.2026,,,,,,,,9.0,11.0,310.0,150.0,4.3,,anthiyur_biometric_observations.xlsx,110 DAY
L003,P034,T1,,A,110,25.04.2026,,,,,,,,7.0,10.0,270.0,130.0,4.5,,anthiyur_biometric_observations.xlsx,110 DAY
L003,P034,T1,,A,110,25.04.2026,,,,,,,,5.0,10.0,290.0,140.0,4.2,,anthiyur_biometric_observations.xlsx,110 DAY
L003,P034,T1,,A,110,25.04.2026,,,,,,,,7.0,11.0,282.0,152.0,4.0,,anthiyur_biometric_observations.xlsx,110 DAY
L003,P035,T2,,B,110,25.04.2026,,,,,,,,7.0,9.0,280.0,140.0,4.0,,anthiyur_biometric_observations.xlsx,110 DAY
L003,P035,T2,,B,110,25.04.2026,,,,,,,,8.0,10.0,240.0,132.0,3.9,,anthiyur_biometric_observations.xlsx,110 DAY
L003,P035,T2,,B,110,25.04.2026,,,,,,,,4.0,9.0,270.0,152.0,4.2,,anthiyur_biometric_observations.xlsx,110 DAY
L003,P035,T2,,B,110,25.04.2026,,,,,,,,5.0,10.0,282.0,135.0,4.3,,anthiyur_biometric_observations.xlsx,110 DAY
L003,P035,T2,,B,110,25.04.2026,,,,,,,,9.0,9.0,230.0,139.0,3.7,,anthiyur_biometric_observations.xlsx,110 DAY
L003,P036,T3,,C,110,25.04.2026,,,,,,,,7.0,9.0,240.0,140.0,4.0,,anthiyur_biometric_observations.xlsx,110 DAY
L003,P036,T3,,C,110,25.04.2026,,,,,,,,8.0,10.0,270.0,145.0,3.5,,anthiyur_biometric_observations.xlsx,110 DAY
L003,P036,T3,,C,110,25.04.2026,,,,,,,,9.0,10.0,230.0,138.0,3.9,,anthiyur_biometric_observations.xlsx,110 DAY
L003,P036,T3,,C,110,25.04.2026,,,,,,,,5.0,9.0,245.0,119.0,4.2,,anthiyur_biometric_observations.xlsx,110 DAY
L003,P036,T3,,C,110,25.04.2026,,,,,,,,7.0,9.0,282.0,152.0,4.1,,anthiyur_biometric_observations.xlsx,110 DAY
L003,P037,T4,,D,110,25.04.2026,,,,,,,,7.0,9.0,240.0,140.0,3.9,,anthiyur_biometric_observations.xlsx,110 DAY
L003,P037,T4,,D,110,25.04.2026,,,,,,,,4.0,9.0,230.0,132.0,4.1,,anthiyur_biometric_observations.xlsx,110 DAY
L003,P037,T4,,D,110,25.04.2026,,,,,,,,5.0,9.0,252.0,129.0,3.5,,anthiyur_biometric_observations.xlsx,110 DAY
L003,P037,T4,,D,110,25.04.2026,,,,,,,,4.0,10.0,243.0,143.0,3.7,,anthiyur_biometric_observations.xlsx,110 DAY
L003,P037,T4,,D,110,25.04.2026,,,,,,,,7.0,9.0,231.0,151.0,4.2,,anthiyur_biometric_observations.xlsx,110 DAY
L003,P038,T5,,E,110,25.04.2026,,,,,,,,9.0,9.0,280.0,140.0,4.2,,anthiyur_biometric_observations.xlsx,110 DAY
L003,P038,T5,,E,110,25.04.2026,,,,,,,,7.0,10.0,270.0,132.0,4.1,,anthiyur_biometric_observations.xlsx,110 DAY
L003,P038,T5,,E,110,25.04.2026,,,,,,,,5.0,11.0,262.0,130.0,4.4,,anthiyur_biometric_observations.xlsx,110 DAY
L003,P038,T5,,E,110,25.04.2026,,,,,,,,7.0,9.0,253.0,142.0,4.0,,anthiyur_biometric_observations.xlsx,110 DAY
L003,P038,T5,,E,110,25.04.2026,,,,,,,,8.0,10.0,261.0,155.0,3.9,,anthiyur_biometric_observations.xlsx,110 DAY
L003,P034,T1,,A,120,05.05.2026,,,,4.0,12.0,,,9.0,10.0,268.0,138.0,3.9,,anthiyur_biometric_observations.xlsx,120 DAY
L003,P034,T1,,A,120,05.05.2026,,,,3.0,17.0,,,4.0,11.0,310.0,142.0,4.2,,anthiyur_biometric_observations.xlsx,120 DAY
L003,P034,T1,,A,120,05.05.2026,,,,2.0,19.0,,,7.0,10.0,282.0,147.0,4.3,,anthiyur_biometric_observations.xlsx,120 DAY
L003,P034,T1,,A,120,05.05.2026,,,,5.0,14.0,,,5.0,10.0,296.0,139.0,4.5,,anthiyur_biometric_observations.xlsx,120 DAY
L003,P034,T1,,A,120,05.05.2026,,,,3.0,13.0,,,7.0,11.0,315.0,149.0,3.7,,anthiyur_biometric_observations.xlsx,120 DAY
L003,P035,T2,,B,120,05.05.2026,,,,4.0,19.0,,,4.0,9.0,310.0,142.0,3.5,,anthiyur_biometric_observations.xlsx,120 DAY
L003,P035,T2,,B,120,05.05.2026,,,,2.0,18.0,,,5.0,8.0,280.0,149.0,4.7,,anthiyur_biometric_observations.xlsx,120 DAY
L003,P035,T2,,B,120,05.05.2026,,,,2.0,11.0,,,6.0,10.0,250.0,132.0,4.2,,anthiyur_biometric_observations.xlsx,120 DAY
L003,P035,T2,,B,120,05.05.2026,,,,5.0,14.0,,,9.0,11.0,292.0,135.0,4.1,,anthiyur_biometric_observations.xlsx,120 DAY
L003,P035,T2,,B,120,05.05.2026,,,,3.0,9.0,,,7.0,10.0,302.0,144.0,3.9,,anthiyur_biometric_observations.xlsx,120 DAY
L003,P036,T3,,C,120,05.05.2026,,,,2.0,16.0,,,9.0,12.0,240.0,135.0,4.0,,anthiyur_biometric_observations.xlsx,120 DAY
L003,P036,T3,,C,120,05.05.2026,,,,1.0,11.0,,,7.0,10.0,282.0,149.0,3.7,,anthiyur_biometric_observations.xlsx,120 DAY
L003,P036,T3,,C,120,05.05.2026,,,,3.0,14.0,,,8.0,11.0,273.0,141.0,3.9,,anthiyur_biometric_observations.xlsx,120 DAY
L003,P036,T3,,C,120,05.05.2026,,,,4.0,18.0,,,5.0,10.0,250.0,137.0,4.1,,anthiyur_biometric_observations.xlsx,120 DAY
L003,P036,T3,,C,120,05.05.2026,,,,3.0,13.0,,,6.0,11.0,249.0,139.0,4.0,,anthiyur_biometric_observations.xlsx,120 DAY
L003,P037,T4,,D,120,05.05.2026,,,,2.0,10.0,,,4.0,10.0,230.0,128.0,3.5,,anthiyur_biometric_observations.xlsx,120 DAY
L003,P037,T4,,D,120,05.05.2026,,,,2.0,13.0,,,5.0,9.0,275.0,135.0,3.7,,anthiyur_biometric_observations.xlsx,120 DAY
L003,P037,T4,,D,120,05.05.2026,,,,3.0,11.0,,,7.0,10.0,260.0,129.0,3.9,,anthiyur_biometric_observations.xlsx,120 DAY
L003,P037,T4,,D,120,05.05.2026,,,,4.0,14.0,,,4.0,10.0,224.0,138.0,4.0,,anthiyur_biometric_observations.xlsx,120 DAY
L003,P037,T4,,D,120,05.05.2026,,,,3.0,18.0,,,3.0,9.0,249.0,142.0,4.2,,anthiyur_biometric_observations.xlsx,120 DAY
L003,P038,T5,,E,120,05.05.2026,,,,5.0,21.0,,,4.0,11.0,250.0,135.0,3.9,,anthiyur_biometric_observations.xlsx,120 DAY
L003,P038,T5,,E,120,05.05.2026,,,,4.0,17.0,,,5.0,10.0,285.0,140.0,3.7,,anthiyur_biometric_observations.xlsx,120 DAY
L003,P038,T5,,E,120,05.05.2026,,,,2.0,14.0,,,9.0,11.0,305.0,149.0,4.0,,anthiyur_biometric_observations.xlsx,120 DAY
L003,P038,T5,,E,120,05.05.2026,,,,3.0,11.0,,,7.0,10.0,290.0,142.0,4.5,,anthiyur_biometric_observations.xlsx,120 DAY
L003,P038,T5,,E,120,05.05.2026,,,,2.0,14.0,,,6.0,9.0,280.0,137.0,4.2,,anthiyur_biometric_observations.xlsx,120 DAY
L003,P034,T1,,A,130,15.05.2026,,,,7.0,18.0,17.0,,7.0,11.0,340.0,125.0,5.4,,anthiyur_biometric_observations.xlsx,130 DAY
L003,P034,T1,,A,130,15.05.2026,,,,5.0,17.0,21.0,,4.0,12.0,280.0,117.0,5.6,,anthiyur_biometric_observations.xlsx,130 DAY
L003,P034,T1,,A,130,15.05.2026,,,,6.0,19.0,16.0,,8.0,11.0,332.0,135.0,5.1,,anthiyur_biometric_observations.xlsx,130 DAY
L003,P034,T1,,A,130,15.05.2026,,,,6.0,14.0,15.0,,5.0,11.0,292.0,122.0,4.5,,anthiyur_biometric_observations.xlsx,130 DAY
L003,P034,T1,,A,130,15.05.2026,,,,5.0,12.0,13.0,,6.0,11.0,317.0,119.0,4.2,,anthiyur_biometric_observations.xlsx,130 DAY
L003,P035,T2,,B,130,15.05.2026,,,,7.0,17.0,17.0,,7.0,10.0,289.0,140.0,4.6,,anthiyur_biometric_observations.xlsx,130 DAY
L003,P035,T2,,B,130,15.05.2026,,,,5.0,20.0,21.0,,4.0,11.0,292.0,132.0,5.5,,anthiyur_biometric_observations.xlsx,130 DAY
L003,P035,T2,,B,130,15.05.2026,,,,4.0,21.0,15.0,,5.0,11.0,309.0,137.0,5.1,,anthiyur_biometric_observations.xlsx,130 DAY
L003,P035,T2,,B,130,15.05.2026,,,,6.0,19.0,14.0,,4.0,10.0,321.0,129.0,4.8,,anthiyur_biometric_observations.xlsx,130 DAY
L003,P035,T2,,B,130,15.05.2026,,,,5.0,15.0,16.0,,5.0,11.0,315.0,141.0,4.2,,anthiyur_biometric_observations.xlsx,130 DAY
L003,P036,T3,,C,130,15.05.2026,,,,6.0,19.0,16.0,,9.0,11.0,298.0,132.0,5.4,,anthiyur_biometric_observations.xlsx,130 DAY
L003,P036,T3,,C,130,15.05.2026,,,,4.0,22.0,14.0,,7.0,10.0,305.0,127.0,5.0,,anthiyur_biometric_observations.xlsx,130 DAY
L003,P036,T3,,C,130,15.05.2026,,,,3.0,15.0,17.0,,6.0,11.0,317.0,137.0,4.2,,anthiyur_biometric_observations.xlsx,130 DAY
L003,P036,T3,,C,130,15.05.2026,,,,7.0,17.0,19.0,,14.0,11.0,290.0,126.0,4.7,,anthiyur_biometric_observations.xlsx,130 DAY
L003,P036,T3,,C,130,15.05.2026,,,,5.0,19.0,15.0,,4.0,11.0,296.0,121.0,4.4,,anthiyur_biometric_observations.xlsx,130 DAY
L003,P037,T4,,D,130,15.05.2026,,,,4.0,16.0,12.0,,5.0,9.0,282.0,125.0,4.2,,anthiyur_biometric_observations.xlsx,130 DAY
L003,P037,T4,,D,130,15.05.2026,,,,5.0,12.0,15.0,,7.0,10.0,309.0,132.0,4.1,,anthiyur_biometric_observations.xlsx,130 DAY
L003,P037,T4,,D,130,15.05.2026,,,,6.0,17.0,19.0,,4.0,10.0,290.0,129.0,5.3,,anthiyur_biometric_observations.xlsx,130 DAY
L003,P037,T4,,D,130,15.05.2026,,,,4.0,19.0,16.0,,8.0,11.0,296.0,141.0,4.8,,anthiyur_biometric_observations.xlsx,130 DAY
L003,P037,T4,,D,130,15.05.2026,,,,3.0,15.0,21.0,,11.0,11.0,302.0,126.0,4.0,,anthiyur_biometric_observations.xlsx,130 DAY
L003,P038,T5,,E,130,15.05.2026,,,,5.0,22.0,21.0,,7.0,11.0,322.0,136.0,5.5,,anthiyur_biometric_observations.xlsx,130 DAY
L003,P038,T5,,E,130,15.05.2026,,,,7.0,15.0,13.0,,4.0,10.0,292.0,122.0,5.2,,anthiyur_biometric_observations.xlsx,130 DAY
L003,P038,T5,,E,130,15.05.2026,,,,6.0,18.0,17.0,,12.0,9.0,307.0,141.0,4.6,,anthiyur_biometric_observations.xlsx,130 DAY
L003,P038,T5,,E,130,15.05.2026,,,,5.0,18.0,19.0,,8.0,10.0,309.0,127.0,4.1,,anthiyur_biometric_observations.xlsx,130 DAY
L003,P038,T5,,E,130,15.05.2026,,,,3.0,19.0,15.0,,5.0,11.0,298.0,120.0,4.0,,anthiyur_biometric_observations.xlsx,130 DAY
L003,P034,T1,,A,140,25.05.2026,,,,7.0,23.0,22.0,,7.0,11.0,342.0,132.0,4.7,,anthiyur_biometric_observations.xlsx,140 DAY
L003,P034,T1,,A,140,25.05.2026,,,,6.0,21.0,17.0,,4.0,10.0,332.0,124.0,4.2,,anthiyur_biometric_observations.xlsx,140 DAY
L003,P034,T1,,A,140,25.05.2026,,,,6.0,18.0,11.0,,8.0,11.0,317.0,129.0,3.9,,anthiyur_biometric_observations.xlsx,140 DAY
L003,P034,T1,,A,140,25.05.2026,,,,5.0,14.0,14.0,,5.0,11.0,292.0,125.0,3.2,,anthiyur_biometric_observations.xlsx,140 DAY
L003,P034,T1,,A,140,25.05.2026,,,,4.0,12.0,14.0,,6.0,10.0,329.0,117.0,3.7,,anthiyur_biometric_observations.xlsx,140 DAY
L003,P035,T2,,B,140,25.05.2026,,,,6.0,11.0,17.0,,7.0,11.0,332.0,125.0,4.2,,anthiyur_biometric_observations.xlsx,140 DAY
L003,P035,T2,,B,140,25.05.2026,,,,5.0,14.0,11.0,,4.0,10.0,290.0,119.0,4.0,,anthiyur_biometric_observations.xlsx,140 DAY
L003,P035,T2,,B,140,25.05.2026,,,,4.0,21.0,14.0,,5.0,11.0,299.0,112.0,3.7,,anthiyur_biometric_observations.xlsx,140 DAY
L003,P035,T2,,B,140,25.05.2026,,,,7.0,13.0,21.0,,4.0,11.0,288.0,129.0,2.9,,anthiyur_biometric_observations.xlsx,140 DAY
L003,P035,T2,,B,140,25.05.2026,,,,4.0,18.0,16.0,,3.0,10.0,305.0,131.0,3.2,,anthiyur_biometric_observations.xlsx,140 DAY
L003,P036,T3,,C,140,25.05.2026,,,,7.0,11.0,9.0,,9.0,11.0,317.0,112.0,3.9,,anthiyur_biometric_observations.xlsx,140 DAY
L003,P036,T3,,C,140,25.05.2026,,,,6.0,15.0,12.0,,7.0,10.0,302.0,128.0,4.1,,anthiyur_biometric_observations.xlsx,140 DAY
L003,P036,T3,,C,140,25.05.2026,,,,5.0,14.0,21.0,,6.0,11.0,292.0,131.0,4.3,,anthiyur_biometric_observations.xlsx,140 DAY
L003,P036,T3,,C,140,25.05.2026,,,,4.0,17.0,14.0,,14.0,11.0,285.0,126.0,3.2,,anthiyur_biometric_observations.xlsx,140 DAY
L003,P036,T3,,C,140,25.05.2026,,,,4.0,16.0,15.0,,4.0,10.0,330.0,121.0,3.7,,anthiyur_biometric_observations.xlsx,140 DAY
L003,P037,T4,,D,140,25.05.2026,,,,4.0,11.0,9.0,,5.0,9.0,282.0,125.0,2.9,,anthiyur_biometric_observations.xlsx,140 DAY
L003,P037,T4,,D,140,25.05.2026,,,,5.0,15.0,17.0,,7.0,8.0,299.0,117.0,3.5,,anthiyur_biometric_observations.xlsx,140 DAY
L003,P037,T4,,D,140,25.05.2026,,,,6.0,14.0,12.0,,4.0,10.0,317.0,112.0,4.1,,anthiyur_biometric_observations.xlsx,140 DAY
L003,P037,T4,,D,140,25.05.2026,,,,5.0,17.0,21.0,,8.0,11.0,312.0,131.0,4.0,,anthiyur_biometric_observations.xlsx,140 DAY
L003,P037,T4,,D,140,25.05.2026,,,,4.0,16.0,14.0,,11.0,10.0,292.0,128.0,3.7,,anthiyur_biometric_observations.xlsx,140 DAY
L003,P038,T5,,E,140,25.05.2026,,,,6.0,14.0,21.0,,7.0,11.0,352.0,127.0,4.5,,anthiyur_biometric_observations.xlsx,140 DAY
L003,P038,T5,,E,140,25.05.2026,,,,5.0,19.0,17.0,,4.0,12.0,322.0,132.0,3.5,,anthiyur_biometric_observations.xlsx,140 DAY
L003,P038,T5,,E,140,25.05.2026,,,,4.0,15.0,15.0,,12.0,10.0,298.0,117.0,3.9,,anthiyur_biometric_observations.xlsx,140 DAY
L003,P038,T5,,E,140,25.05.2026,,,,5.0,17.0,23.0,,8.0,9.0,310.0,139.0,4.2,,anthiyur_biometric_observations.xlsx,140 DAY
L003,P038,T5,,E,140,25.05.2026,,,,7.0,18.0,12.0,,5.0,11.0,317.0,120.0,3.1,,anthiyur_biometric_observations.xlsx,140 DAY
L003,P034,T1,,A,150,04.06.2026,,,,9.0,22.3,12.0,,5.0,10.0,395.0,142.0,4.5,,anthiyur_biometric_observations.xlsx,150 DAY
L003,P034,T1,,A,150,04.06.2026,,,,6.0,14.9,21.0,,6.0,9.0,349.0,139.0,5.3,,anthiyur_biometric_observations.xlsx,150 DAY
L003,P034,T1,,A,150,04.06.2026,,,,4.0,16.7,19.0,,6.0,11.0,363.0,127.0,3.9,,anthiyur_biometric_observations.xlsx,150 DAY
L003,P034,T1,,A,150,04.06.2026,,,,5.0,19.9,14.0,,7.0,10.0,329.0,118.0,4.2,,anthiyur_biometric_observations.xlsx,150 DAY
L003,P034,T1,,A,150,04.06.2026,,,,7.0,12.2,16.0,,4.0,11.0,356.0,129.0,4.9,,anthiyur_biometric_observations.xlsx,150 DAY
L003,P035,T2,,B,150,04.06.2026,,,,8.0,14.2,19.0,,4.0,10.0,340.0,142.0,4.7,,anthiyur_biometric_observations.xlsx,150 DAY
L003,P035,T2,,B,150,04.06.2026,,,,7.0,12.1,14.0,,5.0,11.0,334.0,129.0,3.5,,anthiyur_biometric_observations.xlsx,150 DAY
L003,P035,T2,,B,150,04.06.2026,,,,6.0,19.4,9.0,,6.0,10.0,325.0,134.0,5.1,,anthiyur_biometric_observations.xlsx,150 DAY
L003,P035,T2,,B,150,04.06.2026,,,,6.0,17.0,16.0,,7.0,11.0,367.0,115.0,3.9,,anthiyur_biometric_observations.xlsx,150 DAY
L003,P035,T2,,B,150,04.06.2026,,,,4.0,16.9,15.0,,4.0,11.0,345.0,125.0,4.8,,anthiyur_biometric_observations.xlsx,150 DAY
L003,P036,T3,,C,150,04.06.2026,,,,7.0,11.0,8.0,,6.0,11.0,319.0,141.0,4.2,,anthiyur_biometric_observations.xlsx,150 DAY
L003,P036,T3,,C,150,04.06.2026,,,,6.0,19.2,17.0,,5.0,10.0,359.0,127.0,3.7,,anthiyur_biometric_observations.xlsx,150 DAY
L003,P036,T3,,C,150,04.06.2026,,,,5.0,14.7,21.0,,4.0,10.0,365.0,132.0,3.5,,anthiyur_biometric_observations.xlsx,150 DAY
L003,P036,T3,,C,150,04.06.2026,,,,8.0,16.3,13.0,,4.0,11.0,332.0,125.0,3.9,,anthiyur_biometric_observations.xlsx,150 DAY
L003,P036,T3,,C,150,04.06.2026,,,,4.0,18.9,16.0,,6.0,10.0,309.0,136.0,4.9,,anthiyur_biometric_observations.xlsx,150 DAY
L003,P037,T4,,D,150,04.06.2026,,,,6.0,9.8,19.0,,4.0,11.0,356.0,128.0,5.1,,anthiyur_biometric_observations.xlsx,150 DAY
L003,P037,T4,,D,150,04.06.2026,,,,5.0,11.3,14.0,,5.0,10.0,317.0,133.0,4.3,,anthiyur_biometric_observations.xlsx,150 DAY
L003,P037,T4,,D,150,04.06.2026,,,,3.0,17.6,10.0,,6.0,11.0,299.0,121.0,3.8,,anthiyur_biometric_observations.xlsx,150 DAY
L003,P037,T4,,D,150,04.06.2026,,,,4.0,16.3,13.0,,5.0,10.0,320.0,116.0,4.5,,anthiyur_biometric_observations.xlsx,150 DAY
L003,P037,T4,,D,150,04.06.2026,,,,7.0,12.9,11.0,,7.0,10.0,311.0,125.0,3.6,,anthiyur_biometric_observations.xlsx,150 DAY
L003,P038,T5,,E,150,04.06.2026,,,,6.0,14.9,19.0,,5.0,10.0,382.0,128.0,5.5,,anthiyur_biometric_observations.xlsx,150 DAY
L003,P038,T5,,E,150,04.06.2026,,,,9.0,16.7,14.0,,6.0,9.0,317.0,143.0,4.9,,anthiyur_biometric_observations.xlsx,150 DAY
L003,P038,T5,,E,150,04.06.2026,,,,8.0,19.2,12.0,,7.0,10.0,359.0,136.0,4.2,,anthiyur_biometric_observations.xlsx,150 DAY
L003,P038,T5,,E,150,04.06.2026,,,,5.0,20.3,16.0,,5.0,11.0,325.0,132.0,3.7,,anthiyur_biometric_observations.xlsx,150 DAY
L003,P038,T5,,E,150,04.06.2026,,,,4.0,18.6,15.0,,6.0,9.0,363.0,129.0,3.9,,anthiyur_biometric_observations.xlsx,150 DAY
L003,P034,T1,,A,160,14.06.2026,,,,9.0,22.3,,,5.0,10.0,398.0,147.0,5.7,,anthiyur_biometric_observations.xlsx,160 DAY
L003,P034,T1,,A,160,14.06.2026,,,,10.0,26.7,,,9.0,11.0,382.0,139.0,5.2,,anthiyur_biometric_observations.xlsx,160 DAY
L003,P034,T1,,A,160,14.06.2026,,,,8.0,19.7,,,4.0,10.0,362.0,142.0,4.9,,anthiyur_biometric_observations.xlsx,160 DAY
L003,P034,T1,,A,160,14.06.2026,,,,7.0,30.5,,,6.0,11.0,371.0,133.0,4.5,,anthiyur_biometric_observations.xlsx,160 DAY
L003,P034,T1,,A,160,14.06.2026,,,,7.0,15.6,,,4.0,10.0,379.0,129.0,4.3,,anthiyur_biometric_observations.xlsx,160 DAY
L003,P035,T2,,B,160,14.06.2026,,,,7.0,23.2,,,4.0,11.0,382.0,149.0,3.9,,anthiyur_biometric_observations.xlsx,160 DAY
L003,P035,T2,,B,160,14.06.2026,,,,8.0,20.9,,,3.0,10.0,365.0,136.0,4.2,,anthiyur_biometric_observations.xlsx,160 DAY
L003,P035,T2,,B,160,14.06.2026,,,,7.0,17.5,,,5.0,11.0,373.0,142.0,4.7,,anthiyur_biometric_observations.xlsx,160 DAY
L003,P035,T2,,B,160,14.06.2026,,,,10.0,15.4,,,7.0,11.0,349.0,135.0,5.4,,anthiyur_biometric_observations.xlsx,160 DAY
L003,P035,T2,,B,160,14.06.2026,,,,7.0,16.1,,,6.0,10.0,372.0,129.0,4.9,,anthiyur_biometric_observations.xlsx,160 DAY
L003,P036,T3,,C,160,14.06.2026,,,,10.0,15.2,,,5.0,9.0,369.0,137.0,3.9,,anthiyur_biometric_observations.xlsx,160 DAY
L003,P036,T3,,C,160,14.06.2026,,,,9.0,19.2,,,4.0,10.0,372.0,149.0,4.2,,anthiyur_biometric_observations.xlsx,160 DAY
L003,P036,T3,,C,160,14.06.2026,,,,7.0,21.6,,,9.0,11.0,381.0,129.0,4.5,,anthiyur_biometric_observations.xlsx,160 DAY
L003,P036,T3,,C,160,14.06.2026,,,,5.0,17.1,,,7.0,10.0,355.0,117.0,4.7,,anthiyur_biometric_observations.xlsx,160 DAY
L003,P036,T3,,C,160,14.06.2026,,,,7.0,14.1,,,4.0,11.0,349.0,122.0,5.1,,anthiyur_biometric_observations.xlsx,160 DAY
L003,P037,T4,,D,160,14.06.2026,,,,6.0,16.4,,,4.0,9.0,347.0,142.0,4.2,,anthiyur_biometric_observations.xlsx,160 DAY
L003,P037,T4,,D,160,14.06.2026,,,,8.0,15.2,,,8.0,10.0,359.0,133.0,4.3,,anthiyur_biometric_observations.xlsx,160 DAY
L003,P037,T4,,D,160,14.06.2026,,,,5.0,19.8,,,5.0,11.0,349.0,129.0,3.9,,anthiyur_biometric_observations.xlsx,160 DAY
L003,P037,T4,,D,160,14.06.2026,,,,10.0,15.3,,,4.0,11.0,365.0,137.0,4.5,,anthiyur_biometric_observations.xlsx,160 DAY
L003,P037,T4,,D,160,14.06.2026,,,,7.0,13.7,,,6.0,10.0,342.0,135.0,4.9,,anthiyur_biometric_observations.xlsx,160 DAY
L003,P038,T5,,E,160,14.06.2026,,,,7.0,17.5,,,6.0,11.0,392.0,139.0,5.4,,anthiyur_biometric_observations.xlsx,160 DAY
L003,P038,T5,,E,160,14.06.2026,,,,10.0,19.2,,,5.0,10.0,336.0,127.0,3.9,,anthiyur_biometric_observations.xlsx,160 DAY
L003,P038,T5,,E,160,14.06.2026,,,,9.0,12.6,,,7.0,12.0,357.0,125.0,4.5,,anthiyur_biometric_observations.xlsx,160 DAY
L003,P038,T5,,E,160,14.06.2026,,,,8.0,15.3,,,4.0,11.0,369.0,142.0,4.6,,anthiyur_biometric_observations.xlsx,160 DAY
L003,P038,T5,,E,160,14.06.2026,,,,7.0,16.2,,,5.0,11.0,385.0,132.0,5.1,,anthiyur_biometric_observations.xlsx,160 DAY
L003,P034,T1,,A,170,24.06.2026,,,,,,,,,,,,,,anthiyur_biometric_observations.xlsx,170 DAY
L003,P034,T1,,A,170,24.06.2026,,,,,,,,,,,,,,anthiyur_biometric_observations.xlsx,170 DAY
L003,P034,T1,,A,170,24.06.2026,,,,,,,,,,,,,,anthiyur_biometric_observations.xlsx,170 DAY
L003,P034,T1,,A,170,24.06.2026,,,,,,,,,,,,,,anthiyur_biometric_observations.xlsx,170 DAY
L003,P034,T1,,A,170,24.06.2026,,,,,,,,,,,,,,anthiyur_biometric_observations.xlsx,170 DAY
L003,P035,T2,,B,170,24.06.2026,,,,,,,,,,,,,,anthiyur_biometric_observations.xlsx,170 DAY
L003,P035,T2,,B,170,24.06.2026,,,,,,,,,,,,,,anthiyur_biometric_observations.xlsx,170 DAY
L003,P035,T2,,B,170,24.06.2026,,,,,,,,,,,,,,anthiyur_biometric_observations.xlsx,170 DAY
L003,P035,T2,,B,170,24.06.2026,,,,,,,,,,,,,,anthiyur_biometric_observations.xlsx,170 DAY
L003,P035,T2,,B,170,24.06.2026,,,,,,,,,,,,,,anthiyur_biometric_observations.xlsx,170 DAY
L003,P036,T3,,C,170,24.06.2026,,,,,,,,,,,,,,anthiyur_biometric_observations.xlsx,170 DAY
L003,P036,T3,,C,170,24.06.2026,,,,,,,,,,,,,,anthiyur_biometric_observations.xlsx,170 DAY
L003,P036,T3,,C,170,24.06.2026,,,,,,,,,,,,,,anthiyur_biometric_observations.xlsx,170 DAY
L003,P036,T3,,C,170,24.06.2026,,,,,,,,,,,,,,anthiyur_biometric_observations.xlsx,170 DAY
L003,P036,T3,,C,170,24.06.2026,,,,,,,,,,,,,,anthiyur_biometric_observations.xlsx,170 DAY
L003,P037,T4,,D,170,24.06.2026,,,,,,,,,,,,,,anthiyur_biometric_observations.xlsx,170 DAY
L003,P037,T4,,D,170,24.06.2026,,,,,,,,,,,,,,anthiyur_biometric_observations.xlsx,170 DAY
L003,P037,T4,,D,170,24.06.2026,,,,,,,,,,,,,,anthiyur_biometric_observations.xlsx,170 DAY
L003,P037,T4,,D,170,24.06.2026,,,,,,,,,,,,,,anthiyur_biometric_observations.xlsx,170 DAY
L003,P037,T4,,D,170,24.06.2026,,,,,,,,,,,,,,anthiyur_biometric_observations.xlsx,170 DAY
L003,P038,T5,,E,170,24.06.2026,,,,,,,,,,,,,,anthiyur_biometric_observations.xlsx,170 DAY
L003,P038,T5,,E,170,24.06.2026,,,,,,,,,,,,,,anthiyur_biometric_observations.xlsx,170 DAY
L003,P038,T5,,E,170,24.06.2026,,,,,,,,,,,,,,anthiyur_biometric_observations.xlsx,170 DAY
L003,P038,T5,,E,170,24.06.2026,,,,,,,,,,,,,,anthiyur_biometric_observations.xlsx,170 DAY
L003,P038,T5,,E,170,24.06.2026,,,,,,,,,,,,,,anthiyur_biometric_observations.xlsx,170 DAY
L003,P034,T1,,A,180,04.07.2026,,,,,,,,,,,,,,anthiyur_biometric_observations.xlsx,180 DAY
L003,P034,T1,,A,180,04.07.2026,,,,,,,,,,,,,,anthiyur_biometric_observations.xlsx,180 DAY
L003,P034,T1,,A,180,04.07.2026,,,,,,,,,,,,,,anthiyur_biometric_observations.xlsx,180 DAY
L003,P034,T1,,A,180,04.07.2026,,,,,,,,,,,,,,anthiyur_biometric_observations.xlsx,180 DAY
L003,P034,T1,,A,180,04.07.2026,,,,,,,,,,,,,,anthiyur_biometric_observations.xlsx,180 DAY
L003,P035,T2,,B,180,04.07.2026,,,,,,,,,,,,,,anthiyur_biometric_observations.xlsx,180 DAY
L003,P035,T2,,B,180,04.07.2026,,,,,,,,,,,,,,anthiyur_biometric_observations.xlsx,180 DAY
L003,P035,T2,,B,180,04.07.2026,,,,,,,,,,,,,,anthiyur_biometric_observations.xlsx,180 DAY
L003,P035,T2,,B,180,04.07.2026,,,,,,,,,,,,,,anthiyur_biometric_observations.xlsx,180 DAY
L003,P035,T2,,B,180,04.07.2026,,,,,,,,,,,,,,anthiyur_biometric_observations.xlsx,180 DAY
L003,P036,T3,,C,180,04.07.2026,,,,,,,,,,,,,,anthiyur_biometric_observations.xlsx,180 DAY
L003,P036,T3,,C,180,04.07.2026,,,,,,,,,,,,,,anthiyur_biometric_observations.xlsx,180 DAY
L003,P036,T3,,C,180,04.07.2026,,,,,,,,,,,,,,anthiyur_biometric_observations.xlsx,180 DAY
L003,P036,T3,,C,180,04.07.2026,,,,,,,,,,,,,,anthiyur_biometric_observations.xlsx,180 DAY
L003,P036,T3,,C,180,04.07.2026,,,,,,,,,,,,,,anthiyur_biometric_observations.xlsx,180 DAY
L003,P037,T4,,D,180,04.07.2026,,,,,,,,,,,,,,anthiyur_biometric_observations.xlsx,180 DAY
L003,P037,T4,,D,180,04.07.2026,,,,,,,,,,,,,,anthiyur_biometric_observations.xlsx,180 DAY
L003,P037,T4,,D,180,04.07.2026,,,,,,,,,,,,,,anthiyur_biometric_observations.xlsx,180 DAY
L003,P037,T4,,D,180,04.07.2026,,,,,,,,,,,,,,anthiyur_biometric_observations.xlsx,180 DAY
L003,P037,T4,,D,180,04.07.2026,,,,,,,,,,,,,,anthiyur_biometric_observations.xlsx,180 DAY
L003,P038,T5,,E,180,04.07.2026,,,,,,,,,,,,,,anthiyur_biometric_observations.xlsx,180 DAY
L003,P038,T5,,E,180,04.07.2026,,,,,,,,,,,,,,anthiyur_biometric_observations.xlsx,180 DAY
L003,P038,T5,,E,180,04.07.2026,,,,,,,,,,,,,,anthiyur_biometric_observations.xlsx,180 DAY
L003,P038,T5,,E,180,04.07.2026,,,,,,,,,,,,,,anthiyur_biometric_observations.xlsx,180 DAY
L003,P038,T5,,E,180,04.07.2026,,,,,,,,,,,,,,anthiyur_biometric_observations.xlsx,180 DAY
L003,P034,T1,,A,190,14.07.2026,,,,,,,,,,,,,,anthiyur_biometric_observations.xlsx,190 DAY
L003,P034,T1,,A,190,14.07.2026,,,,,,,,,,,,,,anthiyur_biometric_observations.xlsx,190 DAY
L003,P034,T1,,A,190,14.07.2026,,,,,,,,,,,,,,anthiyur_biometric_observations.xlsx,190 DAY
L003,P034,T1,,A,190,14.07.2026,,,,,,,,,,,,,,anthiyur_biometric_observations.xlsx,190 DAY
L003,P034,T1,,A,190,14.07.2026,,,,,,,,,,,,,,anthiyur_biometric_observations.xlsx,190 DAY
L003,P035,T2,,B,190,14.07.2026,,,,,,,,,,,,,,anthiyur_biometric_observations.xlsx,190 DAY
L003,P035,T2,,B,190,14.07.2026,,,,,,,,,,,,,,anthiyur_biometric_observations.xlsx,190 DAY
L003,P035,T2,,B,190,14.07.2026,,,,,,,,,,,,,,anthiyur_biometric_observations.xlsx,190 DAY
L003,P035,T2,,B,190,14.07.2026,,,,,,,,,,,,,,anthiyur_biometric_observations.xlsx,190 DAY
L003,P035,T2,,B,190,14.07.2026,,,,,,,,,,,,,,anthiyur_biometric_observations.xlsx,190 DAY
L003,P036,T3,,C,190,14.07.2026,,,,,,,,,,,,,,anthiyur_biometric_observations.xlsx,190 DAY
L003,P036,T3,,C,190,14.07.2026,,,,,,,,,,,,,,anthiyur_biometric_observations.xlsx,190 DAY
L003,P036,T3,,C,190,14.07.2026,,,,,,,,,,,,,,anthiyur_biometric_observations.xlsx,190 DAY
L003,P036,T3,,C,190,14.07.2026,,,,,,,,,,,,,,anthiyur_biometric_observations.xlsx,190 DAY
L003,P036,T3,,C,190,14.07.2026,,,,,,,,,,,,,,anthiyur_biometric_observations.xlsx,190 DAY
L003,P037,T4,,D,190,14.07.2026,,,,,,,,,,,,,,anthiyur_biometric_observations.xlsx,190 DAY
L003,P037,T4,,D,190,14.07.2026,,,,,,,,,,,,,,anthiyur_biometric_observations.xlsx,190 DAY
L003,P037,T4,,D,190,14.07.2026,,,,,,,,,,,,,,anthiyur_biometric_observations.xlsx,190 DAY
L003,P037,T4,,D,190,14.07.2026,,,,,,,,,,,,,,anthiyur_biometric_observations.xlsx,190 DAY
L003,P037,T4,,D,190,14.07.2026,,,,,,,,,,,,,,anthiyur_biometric_observations.xlsx,190 DAY
L003,P038,T5,,E,190,14.07.2026,,,,,,,,,,,,,,anthiyur_biometric_observations.xlsx,190 DAY
L003,P038,T5,,E,190,14.07.2026,,,,,,,,,,,,,,anthiyur_biometric_observations.xlsx,190 DAY
L003,P038,T5,,E,190,14.07.2026,,,,,,,,,,,,,,anthiyur_biometric_observations.xlsx,190 DAY
L003,P038,T5,,E,190,14.07.2026,,,,,,,,,,,,,,anthiyur_biometric_observations.xlsx,190 DAY
L003,P038,T5,,E,190,14.07.2026,,,,,,,,,,,,,,anthiyur_biometric_observations.xlsx,190 DAY
L003,P034,T1,,A,200,24.07.2026,,,,,,,,,,,,,,anthiyur_biometric_observations.xlsx,200 DAY
L003,P034,T1,,A,200,24.07.2026,,,,,,,,,,,,,,anthiyur_biometric_observations.xlsx,200 DAY
L003,P034,T1,,A,200,24.07.2026,,,,,,,,,,,,,,anthiyur_biometric_observations.xlsx,200 DAY
L003,P034,T1,,A,200,24.07.2026,,,,,,,,,,,,,,anthiyur_biometric_observations.xlsx,200 DAY
L003,P034,T1,,A,200,24.07.2026,,,,,,,,,,,,,,anthiyur_biometric_observations.xlsx,200 DAY
L003,P035,T2,,B,200,24.07.2026,,,,,,,,,,,,,,anthiyur_biometric_observations.xlsx,200 DAY
L003,P035,T2,,B,200,24.07.2026,,,,,,,,,,,,,,anthiyur_biometric_observations.xlsx,200 DAY
L003,P035,T2,,B,200,24.07.2026,,,,,,,,,,,,,,anthiyur_biometric_observations.xlsx,200 DAY
L003,P035,T2,,B,200,24.07.2026,,,,,,,,,,,,,,anthiyur_biometric_observations.xlsx,200 DAY
L003,P035,T2,,B,200,24.07.2026,,,,,,,,,,,,,,anthiyur_biometric_observations.xlsx,200 DAY
L003,P036,T3,,C,200,24.07.2026,,,,,,,,,,,,,,anthiyur_biometric_observations.xlsx,200 DAY
L003,P036,T3,,C,200,24.07.2026,,,,,,,,,,,,,,anthiyur_biometric_observations.xlsx,200 DAY
L003,P036,T3,,C,200,24.07.2026,,,,,,,,,,,,,,anthiyur_biometric_observations.xlsx,200 DAY
L003,P036,T3,,C,200,24.07.2026,,,,,,,,,,,,,,anthiyur_biometric_observations.xlsx,200 DAY
L003,P036,T3,,C,200,24.07.2026,,,,,,,,,,,,,,anthiyur_biometric_observations.xlsx,200 DAY
L003,P037,T4,,D,200,24.07.2026,,,,,,,,,,,,,,anthiyur_biometric_observations.xlsx,200 DAY
L003,P037,T4,,D,200,24.07.2026,,,,,,,,,,,,,,anthiyur_biometric_observations.xlsx,200 DAY
L003,P037,T4,,D,200,24.07.2026,,,,,,,,,,,,,,anthiyur_biometric_observations.xlsx,200 DAY
L003,P037,T4,,D,200,24.07.2026,,,,,,,,,,,,,,anthiyur_biometric_observations.xlsx,200 DAY
L003,P037,T4,,D,200,24.07.2026,,,,,,,,,,,,,,anthiyur_biometric_observations.xlsx,200 DAY
L003,P038,T5,,E,200,24.07.2026,,,,,,,,,,,,,,anthiyur_biometric_observations.xlsx,200 DAY
L003,P038,T5,,E,200,24.07.2026,,,,,,,,,,,,,,anthiyur_biometric_observations.xlsx,200 DAY
L003,P038,T5,,E,200,24.07.2026,,,,,,,,,,,,,,anthiyur_biometric_observations.xlsx,200 DAY
L003,P038,T5,,E,200,24.07.2026,,,,,,,,,,,,,,anthiyur_biometric_observations.xlsx,200 DAY
L003,P038,T5,,E,200,24.07.2026,,,,,,,,,,,,,,anthiyur_biometric_observations.xlsx,200 DAY
L003,P034,T1,,A,210,03.08.2026,,,,,,,,,,,,,,anthiyur_biometric_observations.xlsx,210 DAY
L003,P034,T1,,A,210,03.08.2026,,,,,,,,,,,,,,anthiyur_biometric_observations.xlsx,210 DAY
L003,P034,T1,,A,210,03.08.2026,,,,,,,,,,,,,,anthiyur_biometric_observations.xlsx,210 DAY
L003,P034,T1,,A,210,03.08.2026,,,,,,,,,,,,,,anthiyur_biometric_observations.xlsx,210 DAY
L003,P034,T1,,A,210,03.08.2026,,,,,,,,,,,,,,anthiyur_biometric_observations.xlsx,210 DAY
L003,P035,T2,,B,210,03.08.2026,,,,,,,,,,,,,,anthiyur_biometric_observations.xlsx,210 DAY
L003,P035,T2,,B,210,03.08.2026,,,,,,,,,,,,,,anthiyur_biometric_observations.xlsx,210 DAY
L003,P035,T2,,B,210,03.08.2026,,,,,,,,,,,,,,anthiyur_biometric_observations.xlsx,210 DAY
L003,P035,T2,,B,210,03.08.2026,,,,,,,,,,,,,,anthiyur_biometric_observations.xlsx,210 DAY
L003,P035,T2,,B,210,03.08.2026,,,,,,,,,,,,,,anthiyur_biometric_observations.xlsx,210 DAY
L003,P036,T3,,C,210,03.08.2026,,,,,,,,,,,,,,anthiyur_biometric_observations.xlsx,210 DAY
L003,P036,T3,,C,210,03.08.2026,,,,,,,,,,,,,,anthiyur_biometric_observations.xlsx,210 DAY
L003,P036,T3,,C,210,03.08.2026,,,,,,,,,,,,,,anthiyur_biometric_observations.xlsx,210 DAY
L003,P036,T3,,C,210,03.08.2026,,,,,,,,,,,,,,anthiyur_biometric_observations.xlsx,210 DAY
L003,P036,T3,,C,210,03.08.2026,,,,,,,,,,,,,,anthiyur_biometric_observations.xlsx,210 DAY
L003,P037,T4,,D,210,03.08.2026,,,,,,,,,,,,,,anthiyur_biometric_observations.xlsx,210 DAY
L003,P037,T4,,D,210,03.08.2026,,,,,,,,,,,,,,anthiyur_biometric_observations.xlsx,210 DAY
L003,P037,T4,,D,210,03.08.2026,,,,,,,,,,,,,,anthiyur_biometric_observations.xlsx,210 DAY
L003,P037,T4,,D,210,03.08.2026,,,,,,,,,,,,,,anthiyur_biometric_observations.xlsx,210 DAY
L003,P037,T4,,D,210,03.08.2026,,,,,,,,,,,,,,anthiyur_biometric_observations.xlsx,210 DAY
L003,P038,T5,,E,210,03.08.2026,,,,,,,,,,,,,,anthiyur_biometric_observations.xlsx,210 DAY
L003,P038,T5,,E,210,03.08.2026,,,,,,,,,,,,,,anthiyur_biometric_observations.xlsx,210 DAY
L003,P038,T5,,E,210,03.08.2026,,,,,,,,,,,,,,anthiyur_biometric_observations.xlsx,210 DAY
L003,P038,T5,,E,210,03.08.2026,,,,,,,,,,,,,,anthiyur_biometric_observations.xlsx,210 DAY
L003,P038,T5,,E,210,03.08.2026,,,,,,,,,,,,,,anthiyur_biometric_observations.xlsx,210 DAY
L003,P034,T1,,A,220,13.08.2026,,,,,,,,,,,,,,anthiyur_biometric_observations.xlsx,220 DAY
L003,P034,T1,,A,220,13.08.2026,,,,,,,,,,,,,,anthiyur_biometric_observations.xlsx,220 DAY
L003,P034,T1,,A,220,13.08.2026,,,,,,,,,,,,,,anthiyur_biometric_observations.xlsx,220 DAY
L003,P034,T1,,A,220,13.08.2026,,,,,,,,,,,,,,anthiyur_biometric_observations.xlsx,220 DAY
L003,P034,T1,,A,220,13.08.2026,,,,,,,,,,,,,,anthiyur_biometric_observations.xlsx,220 DAY
L003,P035,T2,,B,220,13.08.2026,,,,,,,,,,,,,,anthiyur_biometric_observations.xlsx,220 DAY
L003,P035,T2,,B,220,13.08.2026,,,,,,,,,,,,,,anthiyur_biometric_observations.xlsx,220 DAY
L003,P035,T2,,B,220,13.08.2026,,,,,,,,,,,,,,anthiyur_biometric_observations.xlsx,220 DAY
L003,P035,T2,,B,220,13.08.2026,,,,,,,,,,,,,,anthiyur_biometric_observations.xlsx,220 DAY
L003,P035,T2,,B,220,13.08.2026,,,,,,,,,,,,,,anthiyur_biometric_observations.xlsx,220 DAY
L003,P036,T3,,C,220,13.08.2026,,,,,,,,,,,,,,anthiyur_biometric_observations.xlsx,220 DAY
L003,P036,T3,,C,220,13.08.2026,,,,,,,,,,,,,,anthiyur_biometric_observations.xlsx,220 DAY
L003,P036,T3,,C,220,13.08.2026,,,,,,,,,,,,,,anthiyur_biometric_observations.xlsx,220 DAY
L003,P036,T3,,C,220,13.08.2026,,,,,,,,,,,,,,anthiyur_biometric_observations.xlsx,220 DAY
L003,P036,T3,,C,220,13.08.2026,,,,,,,,,,,,,,anthiyur_biometric_observations.xlsx,220 DAY
L003,P037,T4,,D,220,13.08.2026,,,,,,,,,,,,,,anthiyur_biometric_observations.xlsx,220 DAY
L003,P037,T4,,D,220,13.08.2026,,,,,,,,,,,,,,anthiyur_biometric_observations.xlsx,220 DAY
L003,P037,T4,,D,220,13.08.2026,,,,,,,,,,,,,,anthiyur_biometric_observations.xlsx,220 DAY
L003,P037,T4,,D,220,13.08.2026,,,,,,,,,,,,,,anthiyur_biometric_observations.xlsx,220 DAY
L003,P037,T4,,D,220,13.08.2026,,,,,,,,,,,,,,anthiyur_biometric_observations.xlsx,220 DAY
L003,P038,T5,,E,220,13.08.2026,,,,,,,,,,,,,,anthiyur_biometric_observations.xlsx,220 DAY
L003,P038,T5,,E,220,13.08.2026,,,,,,,,,,,,,,anthiyur_biometric_observations.xlsx,220 DAY
L003,P038,T5,,E,220,13.08.2026,,,,,,,,,,,,,,anthiyur_biometric_observations.xlsx,220 DAY
L003,P038,T5,,E,220,13.08.2026,,,,,,,,,,,,,,anthiyur_biometric_observations.xlsx,220 DAY
L003,P038,T5,,E,220,13.08.2026,,,,,,,,,,,,,,anthiyur_biometric_observations.xlsx,220 DAY
L003,P034,T1,,A,230,23.08.2026,,,,,,,,,,,,,,anthiyur_biometric_observations.xlsx,230 DAY
L003,P034,T1,,A,230,23.08.2026,,,,,,,,,,,,,,anthiyur_biometric_observations.xlsx,230 DAY
L003,P034,T1,,A,230,23.08.2026,,,,,,,,,,,,,,anthiyur_biometric_observations.xlsx,230 DAY
L003,P034,T1,,A,230,23.08.2026,,,,,,,,,,,,,,anthiyur_biometric_observations.xlsx,230 DAY
L003,P034,T1,,A,230,23.08.2026,,,,,,,,,,,,,,anthiyur_biometric_observations.xlsx,230 DAY
L003,P035,T2,,B,230,23.08.2026,,,,,,,,,,,,,,anthiyur_biometric_observations.xlsx,230 DAY
L003,P035,T2,,B,230,23.08.2026,,,,,,,,,,,,,,anthiyur_biometric_observations.xlsx,230 DAY
L003,P035,T2,,B,230,23.08.2026,,,,,,,,,,,,,,anthiyur_biometric_observations.xlsx,230 DAY
L003,P035,T2,,B,230,23.08.2026,,,,,,,,,,,,,,anthiyur_biometric_observations.xlsx,230 DAY
L003,P035,T2,,B,230,23.08.2026,,,,,,,,,,,,,,anthiyur_biometric_observations.xlsx,230 DAY
L003,P036,T3,,C,230,23.08.2026,,,,,,,,,,,,,,anthiyur_biometric_observations.xlsx,230 DAY
L003,P036,T3,,C,230,23.08.2026,,,,,,,,,,,,,,anthiyur_biometric_observations.xlsx,230 DAY
L003,P036,T3,,C,230,23.08.2026,,,,,,,,,,,,,,anthiyur_biometric_observations.xlsx,230 DAY
L003,P036,T3,,C,230,23.08.2026,,,,,,,,,,,,,,anthiyur_biometric_observations.xlsx,230 DAY
L003,P036,T3,,C,230,23.08.2026,,,,,,,,,,,,,,anthiyur_biometric_observations.xlsx,230 DAY
L003,P037,T4,,D,230,23.08.2026,,,,,,,,,,,,,,anthiyur_biometric_observations.xlsx,230 DAY
L003,P037,T4,,D,230,23.08.2026,,,,,,,,,,,,,,anthiyur_biometric_observations.xlsx,230 DAY
L003,P037,T4,,D,230,23.08.2026,,,,,,,,,,,,,,anthiyur_biometric_observations.xlsx,230 DAY
L003,P037,T4,,D,230,23.08.2026,,,,,,,,,,,,,,anthiyur_biometric_observations.xlsx,230 DAY
L003,P037,T4,,D,230,23.08.2026,,,,,,,,,,,,,,anthiyur_biometric_observations.xlsx,230 DAY
L003,P038,T5,,E,230,23.08.2026,,,,,,,,,,,,,,anthiyur_biometric_observations.xlsx,230 DAY
L003,P038,T5,,E,230,23.08.2026,,,,,,,,,,,,,,anthiyur_biometric_observations.xlsx,230 DAY
L003,P038,T5,,E,230,23.08.2026,,,,,,,,,,,,,,anthiyur_biometric_observations.xlsx,230 DAY
L003,P038,T5,,E,230,23.08.2026,,,,,,,,,,,,,,anthiyur_biometric_observations.xlsx,230 DAY
L003,P038,T5,,E,230,23.08.2026,,,,,,,,,,,,,,anthiyur_biometric_observations.xlsx,230 DAY
L003,P034,T1,,A,240,02.09.2026,,,,,,,,,,,,,,anthiyur_biometric_observations.xlsx,240 DAY
L003,P034,T1,,A,240,02.09.2026,,,,,,,,,,,,,,anthiyur_biometric_observations.xlsx,240 DAY
L003,P034,T1,,A,240,02.09.2026,,,,,,,,,,,,,,anthiyur_biometric_observations.xlsx,240 DAY
L003,P034,T1,,A,240,02.09.2026,,,,,,,,,,,,,,anthiyur_biometric_observations.xlsx,240 DAY
L003,P034,T1,,A,240,02.09.2026,,,,,,,,,,,,,,anthiyur_biometric_observations.xlsx,240 DAY
L003,P035,T2,,B,240,02.09.2026,,,,,,,,,,,,,,anthiyur_biometric_observations.xlsx,240 DAY
L003,P035,T2,,B,240,02.09.2026,,,,,,,,,,,,,,anthiyur_biometric_observations.xlsx,240 DAY
L003,P035,T2,,B,240,02.09.2026,,,,,,,,,,,,,,anthiyur_biometric_observations.xlsx,240 DAY
L003,P035,T2,,B,240,02.09.2026,,,,,,,,,,,,,,anthiyur_biometric_observations.xlsx,240 DAY
L003,P035,T2,,B,240,02.09.2026,,,,,,,,,,,,,,anthiyur_biometric_observations.xlsx,240 DAY
L003,P036,T3,,C,240,02.09.2026,,,,,,,,,,,,,,anthiyur_biometric_observations.xlsx,240 DAY
L003,P036,T3,,C,240,02.09.2026,,,,,,,,,,,,,,anthiyur_biometric_observations.xlsx,240 DAY
L003,P036,T3,,C,240,02.09.2026,,,,,,,,,,,,,,anthiyur_biometric_observations.xlsx,240 DAY
L003,P036,T3,,C,240,02.09.2026,,,,,,,,,,,,,,anthiyur_biometric_observations.xlsx,240 DAY
L003,P036,T3,,C,240,02.09.2026,,,,,,,,,,,,,,anthiyur_biometric_observations.xlsx,240 DAY
L003,P037,T4,,D,240,02.09.2026,,,,,,,,,,,,,,anthiyur_biometric_observations.xlsx,240 DAY
L003,P037,T4,,D,240,02.09.2026,,,,,,,,,,,,,,anthiyur_biometric_observations.xlsx,240 DAY
L003,P037,T4,,D,240,02.09.2026,,,,,,,,,,,,,,anthiyur_biometric_observations.xlsx,240 DAY
L003,P037,T4,,D,240,02.09.2026,,,,,,,,,,,,,,anthiyur_biometric_observations.xlsx,240 DAY
L003,P037,T4,,D,240,02.09.2026,,,,,,,,,,,,,,anthiyur_biometric_observations.xlsx,240 DAY
L003,P038,T5,,E,240,02.09.2026,,,,,,,,,,,,,,anthiyur_biometric_observations.xlsx,240 DAY
L003,P038,T5,,E,240,02.09.2026,,,,,,,,,,,,,,anthiyur_biometric_observations.xlsx,240 DAY
L003,P038,T5,,E,240,02.09.2026,,,,,,,,,,,,,,anthiyur_biometric_observations.xlsx,240 DAY
L003,P038,T5,,E,240,02.09.2026,,,,,,,,,,,,,,anthiyur_biometric_observations.xlsx,240 DAY
L003,P038,T5,,E,240,02.09.2026,,,,,,,,,,,,,,anthiyur_biometric_observations.xlsx,240 DAY
L002,P029,T1,,A,30,,,,,,,,,0.0,3.0,27.0,21.0,1.5,,athani_biometric_observations.xlsx,30TH DAY
L002,P029,T1,,A,30,,,,,,,,,0.0,4.0,26.0,24.0,1.3,,athani_biometric_observations.xlsx,30TH DAY
L002,P029,T1,,A,30,,,,,,,,,0.0,3.0,35.0,31.0,1.1,,athani_biometric_observations.xlsx,30TH DAY
L002,P029,T1,,A,30,,,,,,,,,0.0,3.0,22.0,20.0,1.1,,athani_biometric_observations.xlsx,30TH DAY
L002,P029,T1,,A,30,,,,,,,,,0.0,3.0,24.0,19.0,1.2,,athani_biometric_observations.xlsx,30TH DAY
L002,P030,T2,,B,30,,,,,,,,,0.0,4.0,35.0,29.0,1.7,,athani_biometric_observations.xlsx,30TH DAY
L002,P030,T2,,B,30,,,,,,,,,0.0,3.0,27.0,22.0,1.1,,athani_biometric_observations.xlsx,30TH DAY
L002,P030,T2,,B,30,,,,,,,,,0.0,2.0,21.0,17.0,1.3,,athani_biometric_observations.xlsx,30TH DAY
L002,P030,T2,,B,30,,,,,,,,,0.0,4.0,32.0,27.0,1.0,,athani_biometric_observations.xlsx,30TH DAY
L002,P030,T2,,B,30,,,,,,,,,0.0,4.0,29.0,25.0,1.5,,athani_biometric_observations.xlsx,30TH DAY
L002,P031,T3,,C,30,,,,,,,,,0.0,3.0,23.0,17.0,1.7,,athani_biometric_observations.xlsx,30TH DAY
L002,P031,T3,,C,30,,,,,,,,,0.0,4.0,31.0,25.0,1.0,,athani_biometric_observations.xlsx,30TH DAY
L002,P031,T3,,C,30,,,,,,,,,0.0,4.0,29.0,21.0,1.1,,athani_biometric_observations.xlsx,30TH DAY
L002,P031,T3,,C,30,,,,,,,,,0.0,3.0,25.0,19.0,1.2,,athani_biometric_observations.xlsx,30TH DAY
L002,P031,T3,,C,30,,,,,,,,,0.0,3.0,36.0,29.0,1.1,,athani_biometric_observations.xlsx,30TH DAY
L002,P032,T4,,D,30,,,,,,,,,0.0,4.0,35.0,25.0,1.5,,athani_biometric_observations.xlsx,30TH DAY
L002,P032,T4,,D,30,,,,,,,,,0.0,3.0,30.0,21.0,1.2,,athani_biometric_observations.xlsx,30TH DAY
L002,P032,T4,,D,30,,,,,,,,,0.0,3.0,27.0,19.0,1.7,,athani_biometric_observations.xlsx,30TH DAY
L002,P032,T4,,D,30,,,,,,,,,0.0,4.0,29.0,17.0,1.2,,athani_biometric_observations.xlsx,30TH DAY
L002,P032,T4,,D,30,,,,,,,,,0.0,3.0,31.0,22.0,1.1,,athani_biometric_observations.xlsx,30TH DAY
L002,P033,T5,,E,30,,,,,,,,,0.0,3.0,29.0,25.0,1.1,,athani_biometric_observations.xlsx,30TH DAY
L002,P033,T5,,E,30,,,,,,,,,0.0,4.0,22.0,19.0,1.7,,athani_biometric_observations.xlsx,30TH DAY
L002,P033,T5,,E,30,,,,,,,,,0.0,4.0,37.0,31.0,1.0,,athani_biometric_observations.xlsx,30TH DAY
L002,P033,T5,,E,30,,,,,,,,,0.0,3.0,31.0,26.0,1.2,,athani_biometric_observations.xlsx,30TH DAY
L002,P033,T5,,E,30,,,,,,,,,0.0,3.0,25.0,22.0,1.4,,athani_biometric_observations.xlsx,30TH DAY
L002,P029,T1,,A,40,,,,,,,,,0.0,4.0,63.0,57.0,2.7,,athani_biometric_observations.xlsx,40TH DAY
L002,P029,T1,,A,40,,,,,,,,,3.0,6.0,71.0,69.0,1.5,,athani_biometric_observations.xlsx,40TH DAY
L002,P029,T1,,A,40,,,,,,,,,2.0,4.0,82.0,75.0,1.9,,athani_biometric_observations.xlsx,40TH DAY
L002,P029,T1,,A,40,,,,,,,,,2.0,5.0,69.0,63.0,2.1,,athani_biometric_observations.xlsx,40TH DAY
L002,P029,T1,,A,40,,,,,,,,,1.0,5.0,76.0,71.0,2.0,,athani_biometric_observations.xlsx,40TH DAY
L002,P030,T2,,B,40,,,,,,,,,3.0,5.0,81.0,75.0,1.3,,athani_biometric_observations.xlsx,40TH DAY
L002,P030,T2,,B,40,,,,,,,,,1.0,3.0,72.0,66.0,1.2,,athani_biometric_observations.xlsx,40TH DAY
L002,P030,T2,,B,40,,,,,,,,,0.0,4.0,67.0,61.0,1.0,,athani_biometric_observations.xlsx,40TH DAY
L002,P030,T2,,B,40,,,,,,,,,4.0,4.0,90.0,82.0,2.1,,athani_biometric_observations.xlsx,40TH DAY
L002,P030,T2,,B,40,,,,,,,,,2.0,5.0,62.0,55.0,2.0,,athani_biometric_observations.xlsx,40TH DAY
L002,P031,T3,,C,40,,,,,,,,,0.0,5.0,85.0,79.0,2.1,,athani_biometric_observations.xlsx,40TH DAY
L002,P031,T3,,C,40,,,,,,,,,3.0,4.0,66.0,58.0,1.5,,athani_biometric_observations.xlsx,40TH DAY
L002,P031,T3,,C,40,,,,,,,,,1.0,4.0,79.0,71.0,1.9,,athani_biometric_observations.xlsx,40TH DAY
L002,P031,T3,,C,40,,,,,,,,,2.0,5.0,72.0,65.0,1.6,,athani_biometric_observations.xlsx,40TH DAY
L002,P031,T3,,C,40,,,,,,,,,2.0,6.0,68.0,61.0,2.3,,athani_biometric_observations.xlsx,40TH DAY
L002,P032,T4,,D,40,,,,,,,,,1.0,4.0,57.0,43.0,1.4,,athani_biometric_observations.xlsx,40TH DAY
L002,P032,T4,,D,40,,,,,,,,,0.0,3.0,69.0,61.0,1.5,,athani_biometric_observations.xlsx,40TH DAY
L002,P032,T4,,D,40,,,,,,,,,0.0,4.0,55.0,49.0,1.5,,athani_biometric_observations.xlsx,40TH DAY
L002,P032,T4,,D,40,,,,,,,,,4.0,5.0,74.0,68.0,1.2,,athani_biometric_observations.xlsx,40TH DAY
L002,P032,T4,,D,40,,,,,,,,,2.0,4.0,61.0,55.0,1.0,,athani_biometric_observations.xlsx,40TH DAY
L002,P033,T5,,E,40,,,,,,,,,0.0,5.0,97.0,87.0,1.5,,athani_biometric_observations.xlsx,40TH DAY
L002,P033,T5,,E,40,,,,,,,,,1.0,4.0,89.0,81.0,1.8,,athani_biometric_observations.xlsx,40TH DAY
L002,P033,T5,,E,40,,,,,,,,,4.0,4.0,102.0,92.0,2.3,,athani_biometric_observations.xlsx,40TH DAY
L002,P033,T5,,E,40,,,,,,,,,2.0,4.0,51.0,49.0,1.2,,athani_biometric_observations.xlsx,40TH DAY
L002,P033,T5,,E,40,,,,,,,,,1.0,6.0,54.0,46.0,2.1,,athani_biometric_observations.xlsx,40TH DAY
L002,P029,T1,,A,50,,,,,,,,,5.0,8.0,137.0,105.0,3.0,,athani_biometric_observations.xlsx,50TH DAY
L002,P029,T1,,A,50,,,,,,,,,7.0,5.0,119.0,99.0,2.9,,athani_biometric_observations.xlsx,50TH DAY
L002,P029,T1,,A,50,,,,,,,,,4.0,6.0,123.0,101.0,1.7,,athani_biometric_observations.xlsx,50TH DAY
L002,P029,T1,,A,50,,,,,,,,,2.0,7.0,97.0,89.0,1.9,,athani_biometric_observations.xlsx,50TH DAY
L002,P029,T1,,A,50,,,,,,,,,3.0,6.0,117.0,98.0,2.2,,athani_biometric_observations.xlsx,50TH DAY
L002,P030,T2,,B,50,,,,,,,,,5.0,7.0,139.0,112.0,3.3,,athani_biometric_observations.xlsx,50TH DAY
L002,P030,T2,,B,50,,,,,,,,,3.0,7.0,142.0,119.0,2.9,,athani_biometric_observations.xlsx,50TH DAY
L002,P030,T2,,B,50,,,,,,,,,1.0,5.0,89.0,72.0,1.7,,athani_biometric_observations.xlsx,50TH DAY
L002,P030,T2,,B,50,,,,,,,,,3.0,6.0,92.0,81.0,1.5,,athani_biometric_observations.xlsx,50TH DAY
L002,P030,T2,,B,50,,,,,,,,,2.0,6.0,117.0,103.0,2.7,,athani_biometric_observations.xlsx,50TH DAY
L002,P031,T3,,C,50,,,,,,,,,5.0,7.0,127.0,103.0,2.9,,athani_biometric_observations.xlsx,50TH DAY
L002,P031,T3,,C,50,,,,,,,,,3.0,6.0,113.0,99.0,2.5,,athani_biometric_observations.xlsx,50TH DAY
L002,P031,T3,,C,50,,,,,,,,,3.0,5.0,76.0,67.0,1.9,,athani_biometric_observations.xlsx,50TH DAY
L002,P031,T3,,C,50,,,,,,,,,2.0,6.0,69.0,55.0,1.5,,athani_biometric_observations.xlsx,50TH DAY
L002,P031,T3,,C,50,,,,,,,,,3.0,5.0,92.0,79.0,1.9,,athani_biometric_observations.xlsx,50TH DAY
L002,P032,T4,,D,50,,,,,,,,,3.0,7.0,142.0,124.0,1.2,,athani_biometric_observations.xlsx,50TH DAY
L002,P032,T4,,D,50,,,,,,,,,4.0,8.0,133.0,102.0,2.9,,athani_biometric_observations.xlsx,50TH DAY
L002,P032,T4,,D,50,,,,,,,,,2.0,6.0,79.0,66.0,2.5,,athani_biometric_observations.xlsx,50TH DAY
L002,P032,T4,,D,50,,,,,,,,,2.0,7.0,102.0,85.0,1.7,,athani_biometric_observations.xlsx,50TH DAY
L002,P032,T4,,D,50,,,,,,,,,5.0,5.0,94.0,81.0,1.9,,athani_biometric_observations.xlsx,50TH DAY
L002,P033,T5,,E,50,,,,,,,,,2.0,6.0,129.0,121.0,2.9,,athani_biometric_observations.xlsx,50TH DAY
L002,P033,T5,,E,50,,,,,,,,,5.0,7.0,82.0,65.0,2.1,,athani_biometric_observations.xlsx,50TH DAY
L002,P033,T5,,E,50,,,,,,,,,3.0,8.0,87.0,69.0,1.7,,athani_biometric_observations.xlsx,50TH DAY
L002,P033,T5,,E,50,,,,,,,,,7.0,5.0,113.0,102.0,1.9,,athani_biometric_observations.xlsx,50TH DAY
L002,P033,T5,,E,50,,,,,,,,,3.0,6.0,125.0,113.0,2.5,,athani_biometric_observations.xlsx,50TH DAY
L002,P029,T1,,A,60,,,,,,,,,5.0,8.0,217.0,122.0,2.9,,athani_biometric_observations.xlsx,60TH DAY
L002,P029,T1,,A,60,,,,,,,,,3.0,7.0,152.0,111.0,2.2,,athani_biometric_observations.xlsx,60TH DAY
L002,P029,T1,,A,60,,,,,,,,,2.0,8.0,193.0,117.0,3.1,,athani_biometric_observations.xlsx,60TH DAY
L002,P029,T1,,A,60,,,,,,,,,4.0,7.0,159.0,101.0,2.7,,athani_biometric_observations.xlsx,60TH DAY
L002,P029,T1,,A,60,,,,,,,,,4.0,6.0,147.0,97.0,2.5,,athani_biometric_observations.xlsx,60TH DAY
L002,P030,T2,,B,60,,,,,,,,,4.0,8.0,203.0,126.0,2.9,,athani_biometric_observations.xlsx,60TH DAY
L002,P030,T2,,B,60,,,,,,,,,3.0,7.0,192.0,116.0,2.2,,athani_biometric_observations.xlsx,60TH DAY
L002,P030,T2,,B,60,,,,,,,,,4.0,7.0,159.0,105.0,2.5,,athani_biometric_observations.xlsx,60TH DAY
L002,P030,T2,,B,60,,,,,,,,,7.0,7.0,128.0,96.0,2.1,,athani_biometric_observations.xlsx,60TH DAY
L002,P030,T2,,B,60,,,,,,,,,4.0,6.0,115.0,90.0,1.9,,athani_biometric_observations.xlsx,60TH DAY
L002,P031,T3,,C,60,,,,,,,,,3.0,8.0,202.0,113.0,2.9,,athani_biometric_observations.xlsx,60TH DAY
L002,P031,T3,,C,60,,,,,,,,,5.0,7.0,175.0,107.0,2.2,,athani_biometric_observations.xlsx,60TH DAY
L002,P031,T3,,C,60,,,,,,,,,2.0,6.0,125.0,101.0,2.5,,athani_biometric_observations.xlsx,60TH DAY
L002,P031,T3,,C,60,,,,,,,,,4.0,6.0,97.0,78.0,1.9,,athani_biometric_observations.xlsx,60TH DAY
L002,P031,T3,,C,60,,,,,,,,,5.0,6.0,111.0,89.0,2.3,,athani_biometric_observations.xlsx,60TH DAY
L002,P032,T4,,D,60,,,,,,,,,3.0,8.0,199.0,112.0,3.1,,athani_biometric_observations.xlsx,60TH DAY
L002,P032,T4,,D,60,,,,,,,,,5.0,7.0,181.0,108.0,2.8,,athani_biometric_observations.xlsx,60TH DAY
L002,P032,T4,,D,60,,,,,,,,,4.0,7.0,139.0,98.0,2.4,,athani_biometric_observations.xlsx,60TH DAY
L002,P032,T4,,D,60,,,,,,,,,3.0,8.0,125.0,97.0,2.7,,athani_biometric_observations.xlsx,60TH DAY
L002,P032,T4,,D,60,,,,,,,,,3.0,6.0,109.0,84.0,2.6,,athani_biometric_observations.xlsx,60TH DAY
L002,P033,T5,,E,60,,,,,,,,,3.0,8.0,214.0,121.0,2.7,,athani_biometric_observations.xlsx,60TH DAY
L002,P033,T5,,E,60,,,,,,,,,5.0,7.0,175.0,119.0,2.5,,athani_biometric_observations.xlsx,60TH DAY
L002,P033,T5,,E,60,,,,,,,,,2.0,7.0,122.0,95.0,2.3,,athani_biometric_observations.xlsx,60TH DAY
L002,P033,T5,,E,60,,,,,,,,,4.0,6.0,106.0,77.0,2.1,,athani_biometric_observations.xlsx,60TH DAY
L002,P033,T5,,E,60,,,,,,,,,5.0,7.0,103.0,79.0,2.1,,athani_biometric_observations.xlsx,60TH DAY
L002,P029,T1,,A,70,,,,,,,,,5.0,9.0,217.0,141.0,3.7,,athani_biometric_observations.xlsx,70TH DAY
L002,P029,T1,,A,70,,,,,,,,,6.0,8.0,203.0,132.0,3.3,,athani_biometric_observations.xlsx,70TH DAY
L002,P029,T1,,A,70,,,,,,,,,11.0,7.0,163.0,126.0,2.7,,athani_biometric_observations.xlsx,70TH DAY
L002,P029,T1,,A,70,,,,,,,,,4.0,8.0,222.0,141.0,3.1,,athani_biometric_observations.xlsx,70TH DAY
L002,P029,T1,,A,70,,,,,,,,,5.0,8.0,179.0,121.0,2.9,,athani_biometric_observations.xlsx,70TH DAY
L002,P030,T2,,B,70,,,,,,,,,5.0,9.0,259.0,140.0,3.7,,athani_biometric_observations.xlsx,70TH DAY
L002,P030,T2,,B,70,,,,,,,,,4.0,8.0,155.0,125.0,2.5,,athani_biometric_observations.xlsx,70TH DAY
L002,P030,T2,,B,70,,,,,,,,,9.0,7.0,187.0,135.0,2.9,,athani_biometric_observations.xlsx,70TH DAY
L002,P030,T2,,B,70,,,,,,,,,7.0,6.0,191.0,109.0,2.4,,athani_biometric_observations.xlsx,70TH DAY
L002,P030,T2,,B,70,,,,,,,,,7.0,7.0,207.0,119.0,3.9,,athani_biometric_observations.xlsx,70TH DAY
L002,P031,T3,,C,70,,,,,,,,,4.0,7.0,251.0,143.0,3.9,,athani_biometric_observations.xlsx,70TH DAY
L002,P031,T3,,C,70,,,,,,,,,5.0,8.0,217.0,129.0,3.2,,athani_biometric_observations.xlsx,70TH DAY
L002,P031,T3,,C,70,,,,,,,,,7.0,7.0,133.0,106.0,2.5,,athani_biometric_observations.xlsx,70TH DAY
L002,P031,T3,,C,70,,,,,,,,,6.0,7.0,153.0,117.0,2.9,,athani_biometric_observations.xlsx,70TH DAY
L002,P031,T3,,C,70,,,,,,,,,9.0,8.0,149.0,112.0,3.5,,athani_biometric_observations.xlsx,70TH DAY
L002,P032,T4,,D,70,,,,,,,,,7.0,9.0,238.0,133.0,3.1,,athani_biometric_observations.xlsx,70TH DAY
L002,P032,T4,,D,70,,,,,,,,,9.0,8.0,195.0,137.0,3.7,,athani_biometric_observations.xlsx,70TH DAY
L002,P032,T4,,D,70,,,,,,,,,5.0,8.0,161.0,119.0,3.3,,athani_biometric_observations.xlsx,70TH DAY
L002,P032,T4,,D,70,,,,,,,,,4.0,7.0,169.0,105.0,2.7,,athani_biometric_observations.xlsx,70TH DAY
L002,P032,T4,,D,70,,,,,,,,,5.0,7.0,175.0,123.0,3.1,,athani_biometric_observations.xlsx,70TH DAY
L002,P033,T5,,E,70,,,,,,,,,5.0,9.0,262.0,141.0,3.1,,athani_biometric_observations.xlsx,70TH DAY
L002,P033,T5,,E,70,,,,,,,,,4.0,8.0,229.0,137.0,3.7,,athani_biometric_observations.xlsx,70TH DAY
L002,P033,T5,,E,70,,,,,,,,,8.0,7.0,145.0,115.0,2.5,,athani_biometric_observations.xlsx,70TH DAY
L002,P033,T5,,E,70,,,,,,,,,4.0,8.0,188.0,127.0,3.3,,athani_biometric_observations.xlsx,70TH DAY
L002,P033,T5,,E,70,,,,,,,,,7.0,6.0,157.0,106.0,2.1,,athani_biometric_observations.xlsx,70TH DAY
L002,P029,T1,,A,80,,,,,,,,,0.0,,,,,,athani_biometric_observations.xlsx,Sheet7
L002,P029,T1,,A,80,,,,,,,,,,,,,,,athani_biometric_observations.xlsx,Sheet7
L002,P029,T1,,A,80,,,,,,,,,,,,,,,athani_biometric_observations.xlsx,Sheet7
L002,P029,T1,,A,80,,,,,,,,,,,,,,,athani_biometric_observations.xlsx,Sheet7
L002,P029,T1,,A,80,,,,,,,,,,,,,,,athani_biometric_observations.xlsx,Sheet7
L002,P030,T2,,B,80,,,,,,,,,,,,,,,athani_biometric_observations.xlsx,Sheet7
L002,P030,T2,,B,80,,,,,,,,,,,,,,,athani_biometric_observations.xlsx,Sheet7
L002,P030,T2,,B,80,,,,,,,,,,,,,,,athani_biometric_observations.xlsx,Sheet7
L002,P030,T2,,B,80,,,,,,,,,,,,,,,athani_biometric_observations.xlsx,Sheet7
L002,P030,T2,,B,80,,,,,,,,,,,,,,,athani_biometric_observations.xlsx,Sheet7
L002,P031,T3,,C,80,,,,,,,,,,,,,,,athani_biometric_observations.xlsx,Sheet7
L002,P031,T3,,C,80,,,,,,,,,,,,,,,athani_biometric_observations.xlsx,Sheet7
L002,P031,T3,,C,80,,,,,,,,,,,,,,,athani_biometric_observations.xlsx,Sheet7
L002,P031,T3,,C,80,,,,,,,,,,,,,,,athani_biometric_observations.xlsx,Sheet7
L002,P031,T3,,C,80,,,,,,,,,,,,,,,athani_biometric_observations.xlsx,Sheet7
L002,P032,T4,,D,80,,,,,,,,,,,,,,,athani_biometric_observations.xlsx,Sheet7
L002,P032,T4,,D,80,,,,,,,,,,,,,,,athani_biometric_observations.xlsx,Sheet7
L002,P032,T4,,D,80,,,,,,,,,,,,,,,athani_biometric_observations.xlsx,Sheet7
L002,P032,T4,,D,80,,,,,,,,,,,,,,,athani_biometric_observations.xlsx,Sheet7
L002,P032,T4,,D,80,,,,,,,,,,,,,,,athani_biometric_observations.xlsx,Sheet7
L002,P033,T5,,E,80,,,,,,,,,,,,,,,athani_biometric_observations.xlsx,Sheet7
L002,P033,T5,,E,80,,,,,,,,,,,,,,,athani_biometric_observations.xlsx,Sheet7
L002,P033,T5,,E,80,,,,,,,,,,,,,,,athani_biometric_observations.xlsx,Sheet7
L002,P033,T5,,E,80,,,,,,,,,,,,,,,athani_biometric_observations.xlsx,Sheet7
L002,P033,T5,,E,80,,,,,,,,,,,,,,,athani_biometric_observations.xlsx,Sheet7
L002,P029,T1,,A,90,,,,,,,,,0.0,,,,,,athani_biometric_observations.xlsx,Sheet8
L002,P029,T1,,A,90,,,,,,,,,,,,,,,athani_biometric_observations.xlsx,Sheet8
L002,P029,T1,,A,90,,,,,,,,,,,,,,,athani_biometric_observations.xlsx,Sheet8
L002,P029,T1,,A,90,,,,,,,,,,,,,,,athani_biometric_observations.xlsx,Sheet8
L002,P029,T1,,A,90,,,,,,,,,,,,,,,athani_biometric_observations.xlsx,Sheet8
L002,P030,T2,,B,90,,,,,,,,,,,,,,,athani_biometric_observations.xlsx,Sheet8
L002,P030,T2,,B,90,,,,,,,,,,,,,,,athani_biometric_observations.xlsx,Sheet8
L002,P030,T2,,B,90,,,,,,,,,,,,,,,athani_biometric_observations.xlsx,Sheet8
L002,P030,T2,,B,90,,,,,,,,,,,,,,,athani_biometric_observations.xlsx,Sheet8
L002,P030,T2,,B,90,,,,,,,,,,,,,,,athani_biometric_observations.xlsx,Sheet8
L002,P031,T3,,C,90,,,,,,,,,,,,,,,athani_biometric_observations.xlsx,Sheet8
L002,P031,T3,,C,90,,,,,,,,,,,,,,,athani_biometric_observations.xlsx,Sheet8
L002,P031,T3,,C,90,,,,,,,,,,,,,,,athani_biometric_observations.xlsx,Sheet8
L002,P031,T3,,C,90,,,,,,,,,,,,,,,athani_biometric_observations.xlsx,Sheet8
L002,P031,T3,,C,90,,,,,,,,,,,,,,,athani_biometric_observations.xlsx,Sheet8
L002,P032,T4,,D,90,,,,,,,,,,,,,,,athani_biometric_observations.xlsx,Sheet8
L002,P032,T4,,D,90,,,,,,,,,,,,,,,athani_biometric_observations.xlsx,Sheet8
L002,P032,T4,,D,90,,,,,,,,,,,,,,,athani_biometric_observations.xlsx,Sheet8
L002,P032,T4,,D,90,,,,,,,,,,,,,,,athani_biometric_observations.xlsx,Sheet8
L002,P032,T4,,D,90,,,,,,,,,,,,,,,athani_biometric_observations.xlsx,Sheet8
L002,P033,T5,,E,90,,,,,,,,,,,,,,,athani_biometric_observations.xlsx,Sheet8
L002,P033,T5,,E,90,,,,,,,,,,,,,,,athani_biometric_observations.xlsx,Sheet8
L002,P033,T5,,E,90,,,,,,,,,,,,,,,athani_biometric_observations.xlsx,Sheet8
L002,P033,T5,,E,90,,,,,,,,,,,,,,,athani_biometric_observations.xlsx,Sheet8
L002,P033,T5,,E,90,,,,,,,,,,,,,,,athani_biometric_observations.xlsx,Sheet8
L002,P029,T1,,A,100,,,,,,,,,0.0,,,,,,athani_biometric_observations.xlsx,Sheet9
L002,P029,T1,,A,100,,,,,,,,,,,,,,,athani_biometric_observations.xlsx,Sheet9
L002,P029,T1,,A,100,,,,,,,,,,,,,,,athani_biometric_observations.xlsx,Sheet9
L002,P029,T1,,A,100,,,,,,,,,,,,,,,athani_biometric_observations.xlsx,Sheet9
L002,P029,T1,,A,100,,,,,,,,,,,,,,,athani_biometric_observations.xlsx,Sheet9
L002,P030,T2,,B,100,,,,,,,,,,,,,,,athani_biometric_observations.xlsx,Sheet9
L002,P030,T2,,B,100,,,,,,,,,,,,,,,athani_biometric_observations.xlsx,Sheet9
L002,P030,T2,,B,100,,,,,,,,,,,,,,,athani_biometric_observations.xlsx,Sheet9
L002,P030,T2,,B,100,,,,,,,,,,,,,,,athani_biometric_observations.xlsx,Sheet9
L002,P030,T2,,B,100,,,,,,,,,,,,,,,athani_biometric_observations.xlsx,Sheet9
L002,P031,T3,,C,100,,,,,,,,,,,,,,,athani_biometric_observations.xlsx,Sheet9
L002,P031,T3,,C,100,,,,,,,,,,,,,,,athani_biometric_observations.xlsx,Sheet9
L002,P031,T3,,C,100,,,,,,,,,,,,,,,athani_biometric_observations.xlsx,Sheet9
L002,P031,T3,,C,100,,,,,,,,,,,,,,,athani_biometric_observations.xlsx,Sheet9
L002,P031,T3,,C,100,,,,,,,,,,,,,,,athani_biometric_observations.xlsx,Sheet9
L002,P032,T4,,D,100,,,,,,,,,,,,,,,athani_biometric_observations.xlsx,Sheet9
L002,P032,T4,,D,100,,,,,,,,,,,,,,,athani_biometric_observations.xlsx,Sheet9
L002,P032,T4,,D,100,,,,,,,,,,,,,,,athani_biometric_observations.xlsx,Sheet9
L002,P032,T4,,D,100,,,,,,,,,,,,,,,athani_biometric_observations.xlsx,Sheet9
L002,P032,T4,,D,100,,,,,,,,,,,,,,,athani_biometric_observations.xlsx,Sheet9
L002,P033,T5,,E,100,,,,,,,,,,,,,,,athani_biometric_observations.xlsx,Sheet9
L002,P033,T5,,E,100,,,,,,,,,,,,,,,athani_biometric_observations.xlsx,Sheet9
L002,P033,T5,,E,100,,,,,,,,,,,,,,,athani_biometric_observations.xlsx,Sheet9
L002,P033,T5,,E,100,,,,,,,,,,,,,,,athani_biometric_observations.xlsx,Sheet9
L002,P033,T5,,E,100,,,,,,,,,,,,,,,athani_biometric_observations.xlsx,Sheet9
L002,P029,T1,,A,110,,,,,,,,,0.0,,,,,,athani_biometric_observations.xlsx,Sheet10
L002,P029,T1,,A,110,,,,,,,,,,,,,,,athani_biometric_observations.xlsx,Sheet10
L002,P029,T1,,A,110,,,,,,,,,,,,,,,athani_biometric_observations.xlsx,Sheet10
L002,P029,T1,,A,110,,,,,,,,,,,,,,,athani_biometric_observations.xlsx,Sheet10
L002,P029,T1,,A,110,,,,,,,,,,,,,,,athani_biometric_observations.xlsx,Sheet10
L002,P030,T2,,B,110,,,,,,,,,,,,,,,athani_biometric_observations.xlsx,Sheet10
L002,P030,T2,,B,110,,,,,,,,,,,,,,,athani_biometric_observations.xlsx,Sheet10
L002,P030,T2,,B,110,,,,,,,,,,,,,,,athani_biometric_observations.xlsx,Sheet10
L002,P030,T2,,B,110,,,,,,,,,,,,,,,athani_biometric_observations.xlsx,Sheet10
L002,P030,T2,,B,110,,,,,,,,,,,,,,,athani_biometric_observations.xlsx,Sheet10
L002,P031,T3,,C,110,,,,,,,,,,,,,,,athani_biometric_observations.xlsx,Sheet10
L002,P031,T3,,C,110,,,,,,,,,,,,,,,athani_biometric_observations.xlsx,Sheet10
L002,P031,T3,,C,110,,,,,,,,,,,,,,,athani_biometric_observations.xlsx,Sheet10
L002,P031,T3,,C,110,,,,,,,,,,,,,,,athani_biometric_observations.xlsx,Sheet10
L002,P031,T3,,C,110,,,,,,,,,,,,,,,athani_biometric_observations.xlsx,Sheet10
L002,P032,T4,,D,110,,,,,,,,,,,,,,,athani_biometric_observations.xlsx,Sheet10
L002,P032,T4,,D,110,,,,,,,,,,,,,,,athani_biometric_observations.xlsx,Sheet10
L002,P032,T4,,D,110,,,,,,,,,,,,,,,athani_biometric_observations.xlsx,Sheet10
L002,P032,T4,,D,110,,,,,,,,,,,,,,,athani_biometric_observations.xlsx,Sheet10
L002,P032,T4,,D,110,,,,,,,,,,,,,,,athani_biometric_observations.xlsx,Sheet10
L002,P033,T5,,E,110,,,,,,,,,,,,,,,athani_biometric_observations.xlsx,Sheet10
L002,P033,T5,,E,110,,,,,,,,,,,,,,,athani_biometric_observations.xlsx,Sheet10
L002,P033,T5,,E,110,,,,,,,,,,,,,,,athani_biometric_observations.xlsx,Sheet10
L002,P033,T5,,E,110,,,,,,,,,,,,,,,athani_biometric_observations.xlsx,Sheet10
L002,P033,T5,,E,110,,,,,,,,,,,,,,,athani_biometric_observations.xlsx,Sheet10
L002,P029,T1,,A,120,,,,,,,,,0.0,,,,,,athani_biometric_observations.xlsx,Sheet11
L002,P029,T1,,A,120,,,,,,,,,,,,,,,athani_biometric_observations.xlsx,Sheet11
L002,P029,T1,,A,120,,,,,,,,,,,,,,,athani_biometric_observations.xlsx,Sheet11
L002,P029,T1,,A,120,,,,,,,,,,,,,,,athani_biometric_observations.xlsx,Sheet11
L002,P029,T1,,A,120,,,,,,,,,,,,,,,athani_biometric_observations.xlsx,Sheet11
L002,P030,T2,,B,120,,,,,,,,,,,,,,,athani_biometric_observations.xlsx,Sheet11
L002,P030,T2,,B,120,,,,,,,,,,,,,,,athani_biometric_observations.xlsx,Sheet11
L002,P030,T2,,B,120,,,,,,,,,,,,,,,athani_biometric_observations.xlsx,Sheet11
L002,P030,T2,,B,120,,,,,,,,,,,,,,,athani_biometric_observations.xlsx,Sheet11
L002,P030,T2,,B,120,,,,,,,,,,,,,,,athani_biometric_observations.xlsx,Sheet11
L002,P031,T3,,C,120,,,,,,,,,,,,,,,athani_biometric_observations.xlsx,Sheet11
L002,P031,T3,,C,120,,,,,,,,,,,,,,,athani_biometric_observations.xlsx,Sheet11
L002,P031,T3,,C,120,,,,,,,,,,,,,,,athani_biometric_observations.xlsx,Sheet11
L002,P031,T3,,C,120,,,,,,,,,,,,,,,athani_biometric_observations.xlsx,Sheet11
L002,P031,T3,,C,120,,,,,,,,,,,,,,,athani_biometric_observations.xlsx,Sheet11
L002,P032,T4,,D,120,,,,,,,,,,,,,,,athani_biometric_observations.xlsx,Sheet11
L002,P032,T4,,D,120,,,,,,,,,,,,,,,athani_biometric_observations.xlsx,Sheet11
L002,P032,T4,,D,120,,,,,,,,,,,,,,,athani_biometric_observations.xlsx,Sheet11
L002,P032,T4,,D,120,,,,,,,,,,,,,,,athani_biometric_observations.xlsx,Sheet11
L002,P032,T4,,D,120,,,,,,,,,,,,,,,athani_biometric_observations.xlsx,Sheet11
L002,P033,T5,,E,120,,,,,,,,,,,,,,,athani_biometric_observations.xlsx,Sheet11
L002,P033,T5,,E,120,,,,,,,,,,,,,,,athani_biometric_observations.xlsx,Sheet11
L002,P033,T5,,E,120,,,,,,,,,,,,,,,athani_biometric_observations.xlsx,Sheet11
L002,P033,T5,,E,120,,,,,,,,,,,,,,,athani_biometric_observations.xlsx,Sheet11
L002,P033,T5,,E,120,,,,,,,,,,,,,,,athani_biometric_observations.xlsx,Sheet11
L002,P029,T1,,A,130,,,,,,,,,0.0,,,,,,athani_biometric_observations.xlsx,Sheet12
L002,P029,T1,,A,130,,,,,,,,,,,,,,,athani_biometric_observations.xlsx,Sheet12
L002,P029,T1,,A,130,,,,,,,,,,,,,,,athani_biometric_observations.xlsx,Sheet12
L002,P029,T1,,A,130,,,,,,,,,,,,,,,athani_biometric_observations.xlsx,Sheet12
L002,P029,T1,,A,130,,,,,,,,,,,,,,,athani_biometric_observations.xlsx,Sheet12
L002,P030,T2,,B,130,,,,,,,,,,,,,,,athani_biometric_observations.xlsx,Sheet12
L002,P030,T2,,B,130,,,,,,,,,,,,,,,athani_biometric_observations.xlsx,Sheet12
L002,P030,T2,,B,130,,,,,,,,,,,,,,,athani_biometric_observations.xlsx,Sheet12
L002,P030,T2,,B,130,,,,,,,,,,,,,,,athani_biometric_observations.xlsx,Sheet12
L002,P030,T2,,B,130,,,,,,,,,,,,,,,athani_biometric_observations.xlsx,Sheet12
L002,P031,T3,,C,130,,,,,,,,,,,,,,,athani_biometric_observations.xlsx,Sheet12
L002,P031,T3,,C,130,,,,,,,,,,,,,,,athani_biometric_observations.xlsx,Sheet12
L002,P031,T3,,C,130,,,,,,,,,,,,,,,athani_biometric_observations.xlsx,Sheet12
L002,P031,T3,,C,130,,,,,,,,,,,,,,,athani_biometric_observations.xlsx,Sheet12
L002,P031,T3,,C,130,,,,,,,,,,,,,,,athani_biometric_observations.xlsx,Sheet12
L002,P032,T4,,D,130,,,,,,,,,,,,,,,athani_biometric_observations.xlsx,Sheet12
L002,P032,T4,,D,130,,,,,,,,,,,,,,,athani_biometric_observations.xlsx,Sheet12
L002,P032,T4,,D,130,,,,,,,,,,,,,,,athani_biometric_observations.xlsx,Sheet12
L002,P032,T4,,D,130,,,,,,,,,,,,,,,athani_biometric_observations.xlsx,Sheet12
L002,P032,T4,,D,130,,,,,,,,,,,,,,,athani_biometric_observations.xlsx,Sheet12
L002,P033,T5,,E,130,,,,,,,,,,,,,,,athani_biometric_observations.xlsx,Sheet12
L002,P033,T5,,E,130,,,,,,,,,,,,,,,athani_biometric_observations.xlsx,Sheet12
L002,P033,T5,,E,130,,,,,,,,,,,,,,,athani_biometric_observations.xlsx,Sheet12
L002,P033,T5,,E,130,,,,,,,,,,,,,,,athani_biometric_observations.xlsx,Sheet12
L002,P033,T5,,E,130,,,,,,,,,,,,,,,athani_biometric_observations.xlsx,Sheet12
L002,P029,T1,,A,140,,,,,,,,,0.0,,,,,,athani_biometric_observations.xlsx,Sheet13
L002,P029,T1,,A,140,,,,,,,,,,,,,,,athani_biometric_observations.xlsx,Sheet13
L002,P029,T1,,A,140,,,,,,,,,,,,,,,athani_biometric_observations.xlsx,Sheet13
L002,P029,T1,,A,140,,,,,,,,,,,,,,,athani_biometric_observations.xlsx,Sheet13
L002,P029,T1,,A,140,,,,,,,,,,,,,,,athani_biometric_observations.xlsx,Sheet13
L002,P030,T2,,B,140,,,,,,,,,,,,,,,athani_biometric_observations.xlsx,Sheet13
L002,P030,T2,,B,140,,,,,,,,,,,,,,,athani_biometric_observations.xlsx,Sheet13
L002,P030,T2,,B,140,,,,,,,,,,,,,,,athani_biometric_observations.xlsx,Sheet13
L002,P030,T2,,B,140,,,,,,,,,,,,,,,athani_biometric_observations.xlsx,Sheet13
L002,P030,T2,,B,140,,,,,,,,,,,,,,,athani_biometric_observations.xlsx,Sheet13
L002,P031,T3,,C,140,,,,,,,,,,,,,,,athani_biometric_observations.xlsx,Sheet13
L002,P031,T3,,C,140,,,,,,,,,,,,,,,athani_biometric_observations.xlsx,Sheet13
L002,P031,T3,,C,140,,,,,,,,,,,,,,,athani_biometric_observations.xlsx,Sheet13
L002,P031,T3,,C,140,,,,,,,,,,,,,,,athani_biometric_observations.xlsx,Sheet13
L002,P031,T3,,C,140,,,,,,,,,,,,,,,athani_biometric_observations.xlsx,Sheet13
L002,P032,T4,,D,140,,,,,,,,,,,,,,,athani_biometric_observations.xlsx,Sheet13
L002,P032,T4,,D,140,,,,,,,,,,,,,,,athani_biometric_observations.xlsx,Sheet13
L002,P032,T4,,D,140,,,,,,,,,,,,,,,athani_biometric_observations.xlsx,Sheet13
L002,P032,T4,,D,140,,,,,,,,,,,,,,,athani_biometric_observations.xlsx,Sheet13
L002,P032,T4,,D,140,,,,,,,,,,,,,,,athani_biometric_observations.xlsx,Sheet13
L002,P033,T5,,E,140,,,,,,,,,,,,,,,athani_biometric_observations.xlsx,Sheet13
L002,P033,T5,,E,140,,,,,,,,,,,,,,,athani_biometric_observations.xlsx,Sheet13
L002,P033,T5,,E,140,,,,,,,,,,,,,,,athani_biometric_observations.xlsx,Sheet13
L002,P033,T5,,E,140,,,,,,,,,,,,,,,athani_biometric_observations.xlsx,Sheet13
L002,P033,T5,,E,140,,,,,,,,,,,,,,,athani_biometric_observations.xlsx,Sheet13
L002,P029,T1,,A,150,,,,,,,,,0.0,,,,,,athani_biometric_observations.xlsx,Sheet14
L002,P029,T1,,A,150,,,,,,,,,,,,,,,athani_biometric_observations.xlsx,Sheet14
L002,P029,T1,,A,150,,,,,,,,,,,,,,,athani_biometric_observations.xlsx,Sheet14
L002,P029,T1,,A,150,,,,,,,,,,,,,,,athani_biometric_observations.xlsx,Sheet14
L002,P029,T1,,A,150,,,,,,,,,,,,,,,athani_biometric_observations.xlsx,Sheet14
L002,P030,T2,,B,150,,,,,,,,,,,,,,,athani_biometric_observations.xlsx,Sheet14
L002,P030,T2,,B,150,,,,,,,,,,,,,,,athani_biometric_observations.xlsx,Sheet14
L002,P030,T2,,B,150,,,,,,,,,,,,,,,athani_biometric_observations.xlsx,Sheet14
L002,P030,T2,,B,150,,,,,,,,,,,,,,,athani_biometric_observations.xlsx,Sheet14
L002,P030,T2,,B,150,,,,,,,,,,,,,,,athani_biometric_observations.xlsx,Sheet14
L002,P031,T3,,C,150,,,,,,,,,,,,,,,athani_biometric_observations.xlsx,Sheet14
L002,P031,T3,,C,150,,,,,,,,,,,,,,,athani_biometric_observations.xlsx,Sheet14
L002,P031,T3,,C,150,,,,,,,,,,,,,,,athani_biometric_observations.xlsx,Sheet14
L002,P031,T3,,C,150,,,,,,,,,,,,,,,athani_biometric_observations.xlsx,Sheet14
L002,P031,T3,,C,150,,,,,,,,,,,,,,,athani_biometric_observations.xlsx,Sheet14
L002,P032,T4,,D,150,,,,,,,,,,,,,,,athani_biometric_observations.xlsx,Sheet14
L002,P032,T4,,D,150,,,,,,,,,,,,,,,athani_biometric_observations.xlsx,Sheet14
L002,P032,T4,,D,150,,,,,,,,,,,,,,,athani_biometric_observations.xlsx,Sheet14
L002,P032,T4,,D,150,,,,,,,,,,,,,,,athani_biometric_observations.xlsx,Sheet14
L002,P032,T4,,D,150,,,,,,,,,,,,,,,athani_biometric_observations.xlsx,Sheet14
L002,P033,T5,,E,150,,,,,,,,,,,,,,,athani_biometric_observations.xlsx,Sheet14
L002,P033,T5,,E,150,,,,,,,,,,,,,,,athani_biometric_observations.xlsx,Sheet14
L002,P033,T5,,E,150,,,,,,,,,,,,,,,athani_biometric_observations.xlsx,Sheet14
L002,P033,T5,,E,150,,,,,,,,,,,,,,,athani_biometric_observations.xlsx,Sheet14
L002,P033,T5,,E,150,,,,,,,,,,,,,,,athani_biometric_observations.xlsx,Sheet14
L001,P001,T1,R1,T1 A,30,,,,,,,,,4,6,99,69,1.9,,college_biometric_observations.xlsx,30 DAY
L001,P001,T1,R1,T1 A,30,,,,,,,,,2,6,72,56,1.2,,college_biometric_observations.xlsx,30 DAY
L001,P001,T1,R1,T1 A,30,,,,,,,,,3,7,65,54,1.4,,college_biometric_observations.xlsx,30 DAY
L001,P001,T1,R1,T1 A,30,,,,,,,,,5,6,85,69,2.2,,college_biometric_observations.xlsx,30 DAY
L001,P001,T1,R1,T1 A,30,,,,,,,,,4,6,77,65,1.6,,college_biometric_observations.xlsx,30 DAY
L001,P002,T2,R1,T2 A,30,,,,,,,,,4,7,105,80,2.3,,college_biometric_observations.xlsx,30 DAY
L001,P002,T2,R1,T2 A,30,,,,,,,,,5,8,79,60,1.6,,college_biometric_observations.xlsx,30 DAY
L001,P002,T2,R1,T2 A,30,,,,,,,,,4,6,91,68,2.1,,college_biometric_observations.xlsx,30 DAY
L001,P002,T2,R1,T2 A,30,,,,,,,,,3,7,96,69,1.9,,college_biometric_observations.xlsx,30 DAY
L001,P002,T2,R1,T2 A,30,,,,,,,,,6,7,88,74,1.7,,college_biometric_observations.xlsx,30 DAY
L001,P003,T3,R1,T3 A,30,,,,,,,,,6,7,82,57,2.1,,college_biometric_observations.xlsx,30 DAY
L001,P003,T3,R1,T3 A,30,,,,,,,,,2,6,87,59,1.7,,college_biometric_observations.xlsx,30 DAY
L001,P003,T3,R1,T3 A,30,,,,,,,,,3,7,97,64,1.8,,college_biometric_observations.xlsx,30 DAY
L001,P003,T3,R1,T3 A,30,,,,,,,,,5,8,86,59,1.8,,college_biometric_observations.xlsx,30 DAY
L001,P003,T3,R1,T3 A,30,,,,,,,,,6,6,80,54,1.6,,college_biometric_observations.xlsx,30 DAY
L001,P004,T4,R1,T4 A,30,,,,,,,,,5,7,95,62,2,,college_biometric_observations.xlsx,30 DAY
L001,P004,T4,R1,T4 A,30,,,,,,,,,6,7,67,55,1.7,,college_biometric_observations.xlsx,30 DAY
L001,P004,T4,R1,T4 A,30,,,,,,,,,4,6,76,59,1.8,,college_biometric_observations.xlsx,30 DAY
L001,P004,T4,R1,T4 A,30,,,,,,,,,4,8,115,89,2.2,,college_biometric_observations.xlsx,30 DAY
L001,P004,T4,R1,T4 A,30,,,,,,,,,7,7,94,62,2,,college_biometric_observations.xlsx,30 DAY
L001,P005,T5,R1,T5 A,30,,,,,,,,,3,7,89,51,1.9,,college_biometric_observations.xlsx,30 DAY
L001,P005,T5,R1,T5 A,30,,,,,,,,,2,6,72,59,2,,college_biometric_observations.xlsx,30 DAY
L001,P005,T5,R1,T5 A,30,,,,,,,,,6,8,78,61,2.2,,college_biometric_observations.xlsx,30 DAY
L001,P005,T5,R1,T5 A,30,,,,,,,,,5,7,80,56,1.6,,college_biometric_observations.xlsx,30 DAY
L001,P005,T5,R1,T5 A,30,,,,,,,,,4,7,71,61,1.9,,college_biometric_observations.xlsx,30 DAY
L001,P006,T6,R1,T6 A,30,,,,,,,,,3,7,88,63,1.9,,college_biometric_observations.xlsx,30 DAY
L001,P006,T6,R1,T6 A,30,,,,,,,,,4,7,80,63,2.1,,college_biometric_observations.xlsx,30 DAY
L001,P006,T6,R1,T6 A,30,,,,,,,,,5,6,97,68,1.9,,college_biometric_observations.xlsx,30 DAY
L001,P006,T6,R1,T6 A,30,,,,,,,,,4,7,85,66,1.8,,college_biometric_observations.xlsx,30 DAY
L001,P006,T6,R1,T6 A,30,,,,,,,,,4,7,116,73,2,,college_biometric_observations.xlsx,30 DAY
L001,P007,T7,R1,T7 A,30,,,,,,,,,5,7,74,71,2.3,,college_biometric_observations.xlsx,30 DAY
L001,P007,T7,R1,T7 A,30,,,,,,,,,6,6,87,70,2.1,,college_biometric_observations.xlsx,30 DAY
L001,P007,T7,R1,T7 A,30,,,,,,,,,4,6,101,69,2.3,,college_biometric_observations.xlsx,30 DAY
L001,P007,T7,R1,T7 A,30,,,,,,,,,2,7,82,84,1.5,,college_biometric_observations.xlsx,30 DAY
L001,P007,T7,R1,T7 A,30,,,,,,,,,5,8,105,78,2.4,,college_biometric_observations.xlsx,30 DAY
L001,P008,T8,R1,T8 A,30,,,,,,,,,5,7,100,78,2.1,,college_biometric_observations.xlsx,30 DAY
L001,P008,T8,R1,T8 A,30,,,,,,,,,6,7,99,75,2.3,,college_biometric_observations.xlsx,30 DAY
L001,P008,T8,R1,T8 A,30,,,,,,,,,7,7,102,72,2.5,,college_biometric_observations.xlsx,30 DAY
L001,P008,T8,R1,T8 A,30,,,,,,,,,5,6,98,76,1.7,,college_biometric_observations.xlsx,30 DAY
L001,P008,T8,R1,T8 A,30,,,,,,,,,3,7,84,68,1.3,,college_biometric_observations.xlsx,30 DAY
L001,P009,T9,R1,T9 A,30,,,,,,,,,6,7,95,64,1.7,,college_biometric_observations.xlsx,30 DAY
L001,P009,T9,R1,T9 A,30,,,,,,,,,5,6,100,77,2.1,,college_biometric_observations.xlsx,30 DAY
L001,P009,T9,R1,T9 A,30,,,,,,,,,4,7,86,69,2.4,,college_biometric_observations.xlsx,30 DAY
L001,P009,T9,R1,T9 A,30,,,,,,,,,6,7,105,64,2.1,,college_biometric_observations.xlsx,30 DAY
L001,P009,T9,R1,T9 A,30,,,,,,,,,4,7,102,81,1.7,,college_biometric_observations.xlsx,30 DAY
L001,P010,T10,R1,T10 A,30,,,,,,,,,3,7,94,78,2,,college_biometric_observations.xlsx,30 DAY
L001,P010,T10,R1,T10 A,30,,,,,,,,,5,6,80,75,1.9,,college_biometric_observations.xlsx,30 DAY
L001,P010,T10,R1,T10 A,30,,,,,,,,,5,6,75,89,1.7,,college_biometric_observations.xlsx,30 DAY
L001,P010,T10,R1,T10 A,30,,,,,,,,,6,7,98,61,2.3,,college_biometric_observations.xlsx,30 DAY
L001,P010,T10,R1,T10 A,30,,,,,,,,,5,5,92,78,2.3,,college_biometric_observations.xlsx,30 DAY
L001,P011,T11,R1,T11 A,30,,,,,,,,,4,7,111,73,2.1,,college_biometric_observations.xlsx,30 DAY
L001,P011,T11,R1,T11 A,30,,,,,,,,,7,6,105,84,2.3,,college_biometric_observations.xlsx,30 DAY
L001,P011,T11,R1,T11 A,30,,,,,,,,,6,7,96,77,1.9,,college_biometric_observations.xlsx,30 DAY
L001,P011,T11,R1,T11 A,30,,,,,,,,,4,7,85,65,1.9,,college_biometric_observations.xlsx,30 DAY
L001,P011,T11,R1,T11 A,30,,,,,,,,,4,6,96,64,2,,college_biometric_observations.xlsx,30 DAY
L001,P012,T12,R1,T12 A,30,,,,,,,,,7,7,87,75,2.3,,college_biometric_observations.xlsx,30 DAY
L001,P012,T12,R1,T12 A,30,,,,,,,,,5,6,99,73,1.9,,college_biometric_observations.xlsx,30 DAY
L001,P012,T12,R1,T12 A,30,,,,,,,,,6,7,95,69,2.1,,college_biometric_observations.xlsx,30 DAY
L001,P012,T12,R1,T12 A,30,,,,,,,,,2,6,79,52,1.5,,college_biometric_observations.xlsx,30 DAY
L001,P012,T12,R1,T12 A,30,,,,,,,,,3,6,77,59,1.8,,college_biometric_observations.xlsx,30 DAY
L001,P013,T13,R1,T13 A,30,,,,,,,,,4,7,78,55,1.7,,college_biometric_observations.xlsx,30 DAY
L001,P013,T13,R1,T13 A,30,,,,,,,,,7,6,82,65,2.1,,college_biometric_observations.xlsx,30 DAY
L001,P013,T13,R1,T13 A,30,,,,,,,,,5,7,85,59,2.4,,college_biometric_observations.xlsx,30 DAY
L001,P013,T13,R1,T13 A,30,,,,,,,,,4,7,90,59,2,,college_biometric_observations.xlsx,30 DAY
L001,P013,T13,R1,T13 A,30,,,,,,,,,5,7,99,78,2.3,,college_biometric_observations.xlsx,30 DAY
L001,P014,T14,R1,T14 A,30,,,,,,,,,5,7,95,72,2.1,,college_biometric_observations.xlsx,30 DAY
L001,P014,T14,R1,T14 A,30,,,,,,,,,4,6,86,71,1.9,,college_biometric_observations.xlsx,30 DAY
L001,P014,T14,R1,T14 A,30,,,,,,,,,5,7,99,72,2.3,,college_biometric_observations.xlsx,30 DAY
L001,P014,T14,R1,T14 A,30,,,,,,,,,4,6,85,54,1.5,,college_biometric_observations.xlsx,30 DAY
L001,P014,T14,R1,T14 A,30,,,,,,,,,4,6,87,68,2.1,,college_biometric_observations.xlsx,30 DAY
L001,P015,T1,R2,T1 A,30,,,,,,,,,5,8,91,68,1.9,,college_biometric_observations.xlsx,30 DAY
L001,P015,T1,R2,T1 A,30,,,,,,,,,2,7,96,62,1.7,,college_biometric_observations.xlsx,30 DAY
L001,P015,T1,R2,T1 A,30,,,,,,,,,3,7,92,75,2.1,,college_biometric_observations.xlsx,30 DAY
L001,P015,T1,R2,T1 A,30,,,,,,,,,2,6,69,55,1.5,,college_biometric_observations.xlsx,30 DAY
L001,P015,T1,R2,T1 A,30,,,,,,,,,4,7,85,62,1.6,,college_biometric_observations.xlsx,30 DAY
L001,P016,T2,R2,T2 A,30,,,,,,,,,3,7,97,73,2.6,,college_biometric_observations.xlsx,30 DAY
L001,P016,T2,R2,T2 A,30,,,,,,,,,4,7,102,83,2,,college_biometric_observations.xlsx,30 DAY
L001,P016,T2,R2,T2 A,30,,,,,,,,,4,6,101,69,2,,college_biometric_observations.xlsx,30 DAY
L001,P016,T2,R2,T2 A,30,,,,,,,,,4,7,97,66,2.8,,college_biometric_observations.xlsx,30 DAY
L001,P016,T2,R2,T2 A,30,,,,,,,,,5,7,103,72,2.4,,college_biometric_observations.xlsx,30 DAY
L001,P017,T3,R2,T3 A,30,,,,,,,,,4,7,111,73,1.8,,college_biometric_observations.xlsx,30 DAY
L001,P017,T3,R2,T3 A,30,,,,,,,,,6,7,85,60,2.3,,college_biometric_observations.xlsx,30 DAY
L001,P017,T3,R2,T3 A,30,,,,,,,,,5,6,101,63,2.5,,college_biometric_observations.xlsx,30 DAY
L001,P017,T3,R2,T3 A,30,,,,,,,,,4,7,89,64,2.3,,college_biometric_observations.xlsx,30 DAY
L001,P017,T3,R2,T3 A,30,,,,,,,,,5,6,99,69,2.1,,college_biometric_observations.xlsx,30 DAY
L001,P018,T4,R2,T4 A,30,,,,,,,,,4,6,120,80,1.6,,college_biometric_observations.xlsx,30 DAY
L001,P018,T4,R2,T4 A,30,,,,,,,,,5,7,103,68,2,,college_biometric_observations.xlsx,30 DAY
L001,P018,T4,R2,T4 A,30,,,,,,,,,4,7,94,61,1.8,,college_biometric_observations.xlsx,30 DAY
L001,P018,T4,R2,T4 A,30,,,,,,,,,6,6,112,81,2.8,,college_biometric_observations.xlsx,30 DAY
L001,P018,T4,R2,T4 A,30,,,,,,,,,5,8,96,69,2.3,,college_biometric_observations.xlsx,30 DAY
L001,P019,T5,R2,T5 A,30,,,,,,,,,6,8,120,73,1.8,,college_biometric_observations.xlsx,30 DAY
L001,P019,T5,R2,T5 A,30,,,,,,,,,5,7,98,74,2.1,,college_biometric_observations.xlsx,30 DAY
L001,P019,T5,R2,T5 A,30,,,,,,,,,4,7,111,69,2.3,,college_biometric_observations.xlsx,30 DAY
L001,P019,T5,R2,T5 A,30,,,,,,,,,4,6,90,62,1.9,,college_biometric_observations.xlsx,30 DAY
L001,P019,T5,R2,T5 A,30,,,,,,,,,5,6,101,71,2.1,,college_biometric_observations.xlsx,30 DAY
L001,P020,T6,R2,T6 A,30,,,,,,,,,2,6,72,51,1.4,,college_biometric_observations.xlsx,30 DAY
L001,P020,T6,R2,T6 A,30,,,,,,,,,3,8,91,78,2.4,,college_biometric_observations.xlsx,30 DAY
L001,P020,T6,R2,T6 A,30,,,,,,,,,4,7,93,66,2.3,,college_biometric_observations.xlsx,30 DAY
L001,P020,T6,R2,T6 A,30,,,,,,,,,5,7,99,85,2.3,,college_biometric_observations.xlsx,30 DAY
L001,P020,T6,R2,T6 A,30,,,,,,,,,5,7,105,74,2,,college_biometric_observations.xlsx,30 DAY
L001,P021,T7,R2,T7 A,30,,,,,,,,,4,7,107,66,2.1,,college_biometric_observations.xlsx,30 DAY
L001,P021,T7,R2,T7 A,30,,,,,,,,,6,7,117,70,2.2,,college_biometric_observations.xlsx,30 DAY
L001,P021,T7,R2,T7 A,30,,,,,,,,,5,6,109,69,1.9,,college_biometric_observations.xlsx,30 DAY
L001,P021,T7,R2,T7 A,30,,,,,,,,,4,8,90,62,1.8,,college_biometric_observations.xlsx,30 DAY
L001,P021,T7,R2,T7 A,30,,,,,,,,,4,6,101,65,2,,college_biometric_observations.xlsx,30 DAY
L001,P022,T8,R2,T8 A,30,,,,,,,,,4,8,116,82,2.6,,college_biometric_observations.xlsx,30 DAY
L001,P022,T8,R2,T8 A,30,,,,,,,,,5,7,109,79,2.3,,college_biometric_observations.xlsx,30 DAY
L001,P022,T8,R2,T8 A,30,,,,,,,,,6,7,98,65,1.9,,college_biometric_observations.xlsx,30 DAY
L001,P022,T8,R2,T8 A,30,,,,,,,,,5,6,102,69,2.1,,college_biometric_observations.xlsx,30 DAY
L001,P022,T8,R2,T8 A,30,,,,,,,,,4,7,107,72,2.3,,college_biometric_observations.xlsx,30 DAY
L001,P023,T9,R2,T9 A,30,,,,,,,,,5,7,102,61,2.3,,college_biometric_observations.xlsx,30 DAY
L001,P023,T9,R2,T9 A,30,,,,,,,,,4,5,99,62,2.1,,college_biometric_observations.xlsx,30 DAY
L001,P023,T9,R2,T9 A,30,,,,,,,,,3,7,92,61,1.3,,college_biometric_observations.xlsx,30 DAY
L001,P023,T9,R2,T9 A,30,,,,,,,,,4,7,98,73,1.8,,college_biometric_observations.xlsx,30 DAY
L001,P023,T9,R2,T9 A,30,,,,,,,,,5,6,101,66,2.3,,college_biometric_observations.xlsx,30 DAY
L001,P024,T10,R2,T10 A,30,,,,,,,,,5,7,98,69,2.4,,college_biometric_observations.xlsx,30 DAY
L001,P024,T10,R2,T10 A,30,,,,,,,,,4,6,88,64,2.3,,college_biometric_observations.xlsx,30 DAY
L001,P024,T10,R2,T10 A,30,,,,,,,,,5,5,103,71,1.9,,college_biometric_observations.xlsx,30 DAY
L001,P024,T10,R2,T10 A,30,,,,,,,,,4,6,103,70,2.3,,college_biometric_observations.xlsx,30 DAY
L001,P024,T10,R2,T10 A,30,,,,,,,,,6,7,107,72,2,,college_biometric_observations.xlsx,30 DAY
L001,P025,T11,R2,T11 A,30,,,,,,,,,4,6,103,64,2.1,,college_biometric_observations.xlsx,30 DAY
L001,P025,T11,R2,T11 A,30,,,,,,,,,5,7,105,71,2.2,,college_biometric_observations.xlsx,30 DAY
L001,P025,T11,R2,T11 A,30,,,,,,,,,5,7,101,69,1.9,,college_biometric_observations.xlsx,30 DAY
L001,P025,T11,R2,T11 A,30,,,,,,,,,4,6,99,78,2,,college_biometric_observations.xlsx,30 DAY
L001,P025,T11,R2,T11 A,30,,,,,,,,,5,6,97,69,2.1,,college_biometric_observations.xlsx,30 DAY
L001,P026,T12,R2,T12 A,30,,,,,,,,,4,7,97,64,2.1,,college_biometric_observations.xlsx,30 DAY
L001,P026,T12,R2,T12 A,30,,,,,,,,,3,7,92,62,1.8,,college_biometric_observations.xlsx,30 DAY
L001,P026,T12,R2,T12 A,30,,,,,,,,,3,6,88,69,2.2,,college_biometric_observations.xlsx,30 DAY
L001,P026,T12,R2,T12 A,30,,,,,,,,,4,7,102,72,2.3,,college_biometric_observations.xlsx,30 DAY
L001,P026,T12,R2,T12 A,30,,,,,,,,,5,7,88,70,1.9,,college_biometric_observations.xlsx,30 DAY
L001,P027,T13,R2,T13 A,30,,,,,,,,,5,7,86,69,2.2,,college_biometric_observations.xlsx,30 DAY
L001,P027,T13,R2,T13 A,30,,,,,,,,,4,8,100,66,2.3,,college_biometric_observations.xlsx,30 DAY
L001,P027,T13,R2,T13 A,30,,,,,,,,,3,6,89,69,1.6,,college_biometric_observations.xlsx,30 DAY
L001,P027,T13,R2,T13 A,30,,,,,,,,,4,8,92,66,1.8,,college_biometric_observations.xlsx,30 DAY
L001,P027,T13,R2,T13 A,30,,,,,,,,,3,7,94,69,2.1,,college_biometric_observations.xlsx,30 DAY
L001,P028,T14,R2,T14 A,30,,,,,,,,,3,6,93,72,2,,college_biometric_observations.xlsx,30 DAY
L001,P028,T14,R2,T14 A,30,,,,,,,,,4,8,92,64,1.4,,college_biometric_observations.xlsx,30 DAY
L001,P028,T14,R2,T14 A,30,,,,,,,,,5,7,94,71,2,,college_biometric_observations.xlsx,30 DAY
L001,P028,T14,R2,T14 A,30,,,,,,,,,7,8,111,79,2.3,,college_biometric_observations.xlsx,30 DAY
L001,P028,T14,R2,T14 A,30,,,,,,,,,6,8,102,72,2.5,,college_biometric_observations.xlsx,30 DAY
L001,P001,T1,R1,T1 A,40,,2,11,32,,,,,6,6,130,93,3,,college_biometric_observations.xlsx,40 DAY
L001,P001,T1,R1,T1 A,40,,3,10,33,,,,,4,4,110,80,2.4,,college_biometric_observations.xlsx,40 DAY
L001,P001,T1,R1,T1 A,40,,2,11,31,,,,,7,5,125,87,2.8,,college_biometric_observations.xlsx,40 DAY
L001,P001,T1,R1,T1 A,40,,3,12,36,,,,,9,5,130,85,2.8,,college_biometric_observations.xlsx,40 DAY
L001,P001,T1,R1,T1 A,40,,3,11,33,,,,,8,6,141,103,2.7,,college_biometric_observations.xlsx,40 DAY
L001,P002,T2,R1,T2 A,40,,2,10,29,,,,,11,8,130,100,3.4,,college_biometric_observations.xlsx,40 DAY
L001,P002,T2,R1,T2 A,40,,2,9,28,,,,,16,8,120,120,3,,college_biometric_observations.xlsx,40 DAY
L001,P002,T2,R1,T2 A,40,,3,10,29,,,,,17,8,140,104,2.8,,college_biometric_observations.xlsx,40 DAY
L001,P002,T2,R1,T2 A,40,,3,11,32,,,,,14,7,128,92,3,,college_biometric_observations.xlsx,40 DAY
L001,P002,T2,R1,T2 A,40,,2,8,30,,,,,11,7,150,96,3.2,,college_biometric_observations.xlsx,40 DAY
L001,P003,T3,R1,T3 A,40,,2,9,26,,,,,8,8,146,103,3.2,,college_biometric_observations.xlsx,40 DAY
L001,P003,T3,R1,T3 A,40,,3,10,29,,,,,17,8,123,95,3,,college_biometric_observations.xlsx,40 DAY
L001,P003,T3,R1,T3 A,40,,2,9,27,,,,,16,9,128,92,2.9,,college_biometric_observations.xlsx,40 DAY
L001,P003,T3,R1,T3 A,40,,2,9,28,,,,,19,8,155,110,3.1,,college_biometric_observations.xlsx,40 DAY
L001,P003,T3,R1,T3 A,40,,2,9,29,,,,,10,7,124,97,3.1,,college_biometric_observations.xlsx,40 DAY
L001,P004,T4,R1,T4 A,40,,2,10,28,,,,,11,9,144,108,3.2,,college_biometric_observations.xlsx,40 DAY
L001,P004,T4,R1,T4 A,40,,3,10,28,,,,,12,8,133,101,2.9,,college_biometric_observations.xlsx,40 DAY
L001,P004,T4,R1,T4 A,40,,2,9,28,,,,,9,8,117,89,2.4,,college_biometric_observations.xlsx,40 DAY
L001,P004,T4,R1,T4 A,40,,2,10,32,,,,,15,7,142,99,3.1,,college_biometric_observations.xlsx,40 DAY
L001,P004,T4,R1,T4 A,40,,2,9,27,,,,,7,8,125,95,2.7,,college_biometric_observations.xlsx,40 DAY
L001,P005,T5,R1,T5 A,40,,3,11,31,,,,,12,8,121,92,2.7,,college_biometric_observations.xlsx,40 DAY
L001,P005,T5,R1,T5 A,40,,3,11,31,,,,,10,8,132,98,2.9,,college_biometric_observations.xlsx,40 DAY
L001,P005,T5,R1,T5 A,40,,2,10,28,,,,,14,9,127,95,2.7,,college_biometric_observations.xlsx,40 DAY
L001,P005,T5,R1,T5 A,40,,2,10,30,,,,,18,8,132,104,2.6,,college_biometric_observations.xlsx,40 DAY
L001,P005,T5,R1,T5 A,40,,2,9,28,,,,,15,9,129,93,2.7,,college_biometric_observations.xlsx,40 DAY
L001,P006,T6,R1,T6 A,40,,3,11,29,,,,,11,8,115,92,2.8,,college_biometric_observations.xlsx,40 DAY
L001,P006,T6,R1,T6 A,40,,3,10,29,,,,,10,8,101,90,3.1,,college_biometric_observations.xlsx,40 DAY
L001,P006,T6,R1,T6 A,40,,2,9,27,,,,,14,7,136,91,3.2,,college_biometric_observations.xlsx,40 DAY
L001,P006,T6,R1,T6 A,40,,3,10,28,,,,,17,10,145,80,2.7,,college_biometric_observations.xlsx,40 DAY
L001,P006,T6,R1,T6 A,40,,3,11,30,,,,,15,9,130,85,3,,college_biometric_observations.xlsx,40 DAY
L001,P007,T7,R1,T7 A,40,,2,10,29,,,,,16,8,152,105,2.6,,college_biometric_observations.xlsx,40 DAY
L001,P007,T7,R1,T7 A,40,,2,10,29,,,,,13,8,126,97,2.7,,college_biometric_observations.xlsx,40 DAY
L001,P007,T7,R1,T7 A,40,,2,10,29,,,,,16,9,135,111,3,,college_biometric_observations.xlsx,40 DAY
L001,P007,T7,R1,T7 A,40,,2,10,28,,,,,15,8,132,92,2.6,,college_biometric_observations.xlsx,40 DAY
L001,P007,T7,R1,T7 A,40,,2,10,31,,,,,19,8,124,78,2.4,,college_biometric_observations.xlsx,40 DAY
L001,P008,T8,R1,T8 A,40,,2,8,27,,,,,16,8,150,103,2.6,,college_biometric_observations.xlsx,40 DAY
L001,P008,T8,R1,T8 A,40,,3,9,28,,,,,19,7,172,122,3.3,,college_biometric_observations.xlsx,40 DAY
L001,P008,T8,R1,T8 A,40,,2,11,33,,,,,22,8,155,118,3.2,,college_biometric_observations.xlsx,40 DAY
L001,P008,T8,R1,T8 A,40,,2,10,31,,,,,15,7,146,104,2.7,,college_biometric_observations.xlsx,40 DAY
L001,P008,T8,R1,T8 A,40,,3,9,29,,,,,14,8,147,97,2.8,,college_biometric_observations.xlsx,40 DAY
L001,P009,T9,R1,T9 A,40,,3,9,30,,,,,9,7,147,100,3,,college_biometric_observations.xlsx,40 DAY
L001,P009,T9,R1,T9 A,40,,2,9,30,,,,,16,8,160,90,2.8,,college_biometric_observations.xlsx,40 DAY
L001,P009,T9,R1,T9 A,40,,3,8,29,,,,,11,6,127,84,3,,college_biometric_observations.xlsx,40 DAY
L001,P009,T9,R1,T9 A,40,,2,8,28,,,,,18,8,152,87,3,,college_biometric_observations.xlsx,40 DAY
L001,P009,T9,R1,T9 A,40,,2,9,31,,,,,15,8,145,104,3,,college_biometric_observations.xlsx,40 DAY
L001,P010,T10,R1,T10 A,40,,2,10,30,,,,,9,7,140,103,3,,college_biometric_observations.xlsx,40 DAY
L001,P010,T10,R1,T10 A,40,,2,10,28,,,,,14,7,130,95,2.7,,college_biometric_observations.xlsx,40 DAY
L001,P010,T10,R1,T10 A,40,,3,10,32,,,,,8,6,149,99,3.1,,college_biometric_observations.xlsx,40 DAY
L001,P010,T10,R1,T10 A,40,,3,11,35,,,,,15,8,127,110,2.6,,college_biometric_observations.xlsx,40 DAY
L001,P010,T10,R1,T10 A,40,,2,10,31,,,,,10,6,98,91,2.9,,college_biometric_observations.xlsx,40 DAY
L001,P011,T11,R1,T11 A,40,,2,10,33,,,,,13,7,168,100,2.5,,college_biometric_observations.xlsx,40 DAY
L001,P011,T11,R1,T11 A,40,,2,9,28,,,,,10,7,161,115,3.6,,college_biometric_observations.xlsx,40 DAY
L001,P011,T11,R1,T11 A,40,,3,9,29,,,,,15,7,160,103,3.2,,college_biometric_observations.xlsx,40 DAY
L001,P011,T11,R1,T11 A,40,,2,11,32,,,,,14,8,136,100,3.2,,college_biometric_observations.xlsx,40 DAY
L001,P011,T11,R1,T11 A,40,,2,10,31,,,,,8,7,142,92,2.8,,college_biometric_observations.xlsx,40 DAY
L001,P012,T12,R1,T12 A,40,,2,8,29,,,,,8,6,153,112,3,,college_biometric_observations.xlsx,40 DAY
L001,P012,T12,R1,T12 A,40,,3,9,31,,,,,12,7,171,123,3.2,,college_biometric_observations.xlsx,40 DAY
L001,P012,T12,R1,T12 A,40,,2,8,29,,,,,10,7,150,102,3.6,,college_biometric_observations.xlsx,40 DAY
L001,P012,T12,R1,T12 A,40,,2,10,33,,,,,9,6,140,107,2.9,,college_biometric_observations.xlsx,40 DAY
L001,P012,T12,R1,T12 A,40,,3,11,32,,,,,10,8,110,69,2.7,,college_biometric_observations.xlsx,40 DAY
L001,P013,T13,R1,T13 A,40,,3,10,31,,,,,12,8,150,105,2.7,,college_biometric_observations.xlsx,40 DAY
L001,P013,T13,R1,T13 A,40,,2,11,33,,,,,11,6,133,89,2.6,,college_biometric_observations.xlsx,40 DAY
L001,P013,T13,R1,T13 A,40,,2,10,29,,,,,9,5,141,93,3.1,,college_biometric_observations.xlsx,40 DAY
L001,P013,T13,R1,T13 A,40,,3,11,33,,,,,12,6,138,83,3,,college_biometric_observations.xlsx,40 DAY
L001,P013,T13,R1,T13 A,40,,2,8,28,,,,,8,8,151,100,2.6,,college_biometric_observations.xlsx,40 DAY
L001,P014,T14,R1,T14 A,40,,2,12,34,,,,,15,7,143,100,3.2,,college_biometric_observations.xlsx,40 DAY
L001,P014,T14,R1,T14 A,40,,2,10,30,,,,,11,7,146,90,2.6,,college_biometric_observations.xlsx,40 DAY
L001,P014,T14,R1,T14 A,40,,3,11,31,,,,,19,8,142,84,2.7,,college_biometric_observations.xlsx,40 DAY
L001,P014,T14,R1,T14 A,40,,2,12,33,,,,,14,7,140,105,3,,college_biometric_observations.xlsx,40 DAY
L001,P014,T14,R1,T14 A,40,,3,11,31,,,,,11,6,141,92,2.7,,college_biometric_observations.xlsx,40 DAY
L001,P015,T1,R2,T1 A,40,,3,13,35,,,,,12,7,116,80,3,,college_biometric_observations.xlsx,40 DAY
L001,P015,T1,R2,T1 A,40,,3,13,36,,,,,8,6,108,73,1.9,,college_biometric_observations.xlsx,40 DAY
L001,P015,T1,R2,T1 A,40,,3,12,38,,,,,7,5,130,85,2.8,,college_biometric_observations.xlsx,40 DAY
L001,P015,T1,R2,T1 A,40,,3,13,37,,,,,6,5,122,83,2.9,,college_biometric_observations.xlsx,40 DAY
L001,P015,T1,R2,T1 A,40,,3,12,37,,,,,8,7,14,96,2.7,,college_biometric_observations.xlsx,40 DAY
L001,P016,T2,R2,T2 A,40,,3,12,30,,,,,6,8,121,93,3.1,,college_biometric_observations.xlsx,40 DAY
L001,P016,T2,R2,T2 A,40,,2,11,32,,,,,12,9,145,103,3.2,,college_biometric_observations.xlsx,40 DAY
L001,P016,T2,R2,T2 A,40,,3,11,33,,,,,18,7,142,113,3.5,,college_biometric_observations.xlsx,40 DAY
L001,P016,T2,R2,T2 A,40,,2,11,31,,,,,14,8,135,92,3,,college_biometric_observations.xlsx,40 DAY
L001,P016,T2,R2,T2 A,40,,2,12,30,,,,,13,9,147,104,3.4,,college_biometric_observations.xlsx,40 DAY
L001,P017,T3,R2,T3 A,40,,3,12,33,,,,,10,7,135,80,2.4,,college_biometric_observations.xlsx,40 DAY
L001,P017,T3,R2,T3 A,40,,3,14,35,,,,,8,6,120,89,2.8,,college_biometric_observations.xlsx,40 DAY
L001,P017,T3,R2,T3 A,40,,3,14,37,,,,,11,8,140,98,3.2,,college_biometric_observations.xlsx,40 DAY
L001,P017,T3,R2,T3 A,40,,3,14,35,,,,,5,5,121,90,2.7,,college_biometric_observations.xlsx,40 DAY
L001,P017,T3,R2,T3 A,40,,2,13,37,,,,,11,8,142,103,3,,college_biometric_observations.xlsx,40 DAY
L001,P018,T4,R2,T4 A,40,,3,12,36,,,,,7,7,143,97,3.1,,college_biometric_observations.xlsx,40 DAY
L001,P018,T4,R2,T4 A,40,,3,12,36,,,,,12,8,150,110,2.8,,college_biometric_observations.xlsx,40 DAY
L001,P018,T4,R2,T4 A,40,,3,13,35,,,,,8,7,140,105,2.5,,college_biometric_observations.xlsx,40 DAY
L001,P018,T4,R2,T4 A,40,,3,12,34,,,,,11,8,152,100,2.7,,college_biometric_observations.xlsx,40 DAY
L001,P018,T4,R2,T4 A,40,,3,14,36,,,,,14,9,143,109,3,,college_biometric_observations.xlsx,40 DAY
L001,P019,T5,R2,T5 A,40,,3,13,34,,,,,15,7,157,110,3.2,,college_biometric_observations.xlsx,40 DAY
L001,P019,T5,R2,T5 A,40,,3,13,39,,,,,11,7,144,100,2.8,,college_biometric_observations.xlsx,40 DAY
L001,P019,T5,R2,T5 A,40,,3,14,38,,,,,11,9,150,97,2.5,,college_biometric_observations.xlsx,40 DAY
L001,P019,T5,R2,T5 A,40,,3,12,39,,,,,12,6,144,107,3,,college_biometric_observations.xlsx,40 DAY
L001,P019,T5,R2,T5 A,40,,3,13,37,,,,,8,6,117,88,2.6,,college_biometric_observations.xlsx,40 DAY
L001,P020,T6,R2,T6 A,40,,2,12,39,,,,,6,7,108,77,2.3,,college_biometric_observations.xlsx,40 DAY
L001,P020,T6,R2,T6 A,40,,2,12,37,,,,,8,6,129,90,2.8,,college_biometric_observations.xlsx,40 DAY
L001,P020,T6,R2,T6 A,40,,3,12,45,,,,,11,8,127,90,2.5,,college_biometric_observations.xlsx,40 DAY
L001,P020,T6,R2,T6 A,40,,3,14,37,,,,,9,9,128,93,2.5,,college_biometric_observations.xlsx,40 DAY
L001,P020,T6,R2,T6 A,40,,3,13,39,,,,,10,8,116,88,2.4,,college_biometric_observations.xlsx,40 DAY
L001,P021,T7,R2,T7 A,40,,3,13,37,,,,,11,4,114,82,2.5,,college_biometric_observations.xlsx,40 DAY
L001,P021,T7,R2,T7 A,40,,3,13,38,,,,,10,6,128,103,3,,college_biometric_observations.xlsx,40 DAY
L001,P021,T7,R2,T7 A,40,,3,13,36,,,,,9,6,110,81,2.6,,college_biometric_observations.xlsx,40 DAY
L001,P021,T7,R2,T7 A,40,,3,13,37,,,,,9,7,133,90,3.2,,college_biometric_observations.xlsx,40 DAY
L001,P021,T7,R2,T7 A,40,,3,12,35,,,,,7,8,139,97,3,,college_biometric_observations.xlsx,40 DAY
L001,P022,T8,R2,T8 A,40,,2,9,30,,,,,14,8,160,121,3.6,,college_biometric_observations.xlsx,40 DAY
L001,P022,T8,R2,T8 A,40,,3,7,32,,,,,13,8,135,107,3.1,,college_biometric_observations.xlsx,40 DAY
L001,P022,T8,R2,T8 A,40,,3,10,31,,,,,17,8,140,105,2.7,,college_biometric_observations.xlsx,40 DAY
L001,P022,T8,R2,T8 A,40,,2,11,29,,,,,12,7,155,114,2.9,,college_biometric_observations.xlsx,40 DAY
L001,P022,T8,R2,T8 A,40,,3,11,30,,,,,19,8,145,104,3.6,,college_biometric_observations.xlsx,40 DAY
L001,P023,T9,R2,T9 A,40,,2,10,33,,,,,14,8,131,95,3.1,,college_biometric_observations.xlsx,40 DAY
L001,P023,T9,R2,T9 A,40,,2,12,34,,,,,13,9,140,110,3.5,,college_biometric_observations.xlsx,40 DAY
L001,P023,T9,R2,T9 A,40,,3,12,32,,,,,12,7,132,102,2.9,,college_biometric_observations.xlsx,40 DAY
L001,P023,T9,R2,T9 A,40,,3,11,35,,,,,10,8,134,101,3,,college_biometric_observations.xlsx,40 DAY
L001,P023,T9,R2,T9 A,40,,2,12,33,,,,,11,8,154,111,3.2,,college_biometric_observations.xlsx,40 DAY
L001,P024,T10,R2,T10 A,40,,2,10,30,,,,,14,8,143,97,2.5,,college_biometric_observations.xlsx,40 DAY
L001,P024,T10,R2,T10 A,40,,2,9,31,,,,,15,8,136,100,3.2,,college_biometric_observations.xlsx,40 DAY
L001,P024,T10,R2,T10 A,40,,3,8,30,,,,,10,7,138,105,3.6,,college_biometric_observations.xlsx,40 DAY
L001,P024,T10,R2,T10 A,40,,3,10,33,,,,,15,8,152,121,3.2,,college_biometric_observations.xlsx,40 DAY
L001,P024,T10,R2,T10 A,40,,2,10,32,,,,,9,8,155,110,3.1,,college_biometric_observations.xlsx,40 DAY
L001,P025,T11,R2,T11 A,40,,2,10,32,,,,,13,8,137,105,3.6,,college_biometric_observations.xlsx,40 DAY
L001,P025,T11,R2,T11 A,40,,3,11,30,,,,,17,8,145,110,3.5,,college_biometric_observations.xlsx,40 DAY
L001,P025,T11,R2,T11 A,40,,3,12,33,,,,,10,7,147,110,3.2,,college_biometric_observations.xlsx,40 DAY
L001,P025,T11,R2,T11 A,40,,2,11,33,,,,,14,8,126,96,2.5,,college_biometric_observations.xlsx,40 DAY
L001,P025,T11,R2,T11 A,40,,3,10,32,,,,,15,8,142,109,2.6,,college_biometric_observations.xlsx,40 DAY
L001,P026,T12,R2,T12 A,40,,3,13,37,,,,,12,8,129,82,2.7,,college_biometric_observations.xlsx,40 DAY
L001,P026,T12,R2,T12 A,40,,3,13,45,,,,,13,6,134,85,2.4,,college_biometric_observations.xlsx,40 DAY
L001,P026,T12,R2,T12 A,40,,3,12,38,,,,,9,8,122,80,2.4,,college_biometric_observations.xlsx,40 DAY
L001,P026,T12,R2,T12 A,40,,3,14,37,,,,,10,7,132,77,2.7,,college_biometric_observations.xlsx,40 DAY
L001,P026,T12,R2,T12 A,40,,3,14,37,,,,,14,9,143,119,3,,college_biometric_observations.xlsx,40 DAY
L001,P027,T13,R2,T13 A,40,,3,12,37,,,,,12,7,130,90,3,,college_biometric_observations.xlsx,40 DAY
L001,P027,T13,R2,T13 A,40,,3,13,35,,,,,7,6,116,88,2.5,,college_biometric_observations.xlsx,40 DAY
L001,P027,T13,R2,T13 A,40,,3,13,36,,,,,10,8,120,85,2.8,,college_biometric_observations.xlsx,40 DAY
L001,P027,T13,R2,T13 A,40,,3,12,39,,,,,9,7,125,96,2.6,,college_biometric_observations.xlsx,40 DAY
L001,P027,T13,R2,T13 A,40,,3,13,38,,,,,7,6,142,93,3.3,,college_biometric_observations.xlsx,40 DAY
L001,P028,T14,R2,T14 A,40,,3,12,33,,,,,11,8,133,98,3.1,,college_biometric_observations.xlsx,40 DAY
L001,P028,T14,R2,T14 A,40,,3,13,38,,,,,8,8,123,88,2.8,,college_biometric_observations.xlsx,40 DAY
L001,P028,T14,R2,T14 A,40,,3,13,36,,,,,7,6,130,100,3.3,,college_biometric_observations.xlsx,40 DAY
L001,P028,T14,R2,T14 A,40,,3,12,35,,,,,11,8,124,82,3.1,,college_biometric_observations.xlsx,40 DAY
L001,P028,T14,R2,T14 A,40,,3,13,38,,,,,14,7,135,86,2.7,,college_biometric_observations.xlsx,40 DAY
L001,P001,T1,R1,T1 A,50,,,,,,,,,9,8,145,95,2.9,,college_biometric_observations.xlsx,50 DAY
L001,P001,T1,R1,T1 A,50,,,,,,,,,12,9,140,99,2.5,,college_biometric_observations.xlsx,50 DAY
L001,P001,T1,R1,T1 A,50,,,,,,,,,15,8,143,102,3.2,,college_biometric_observations.xlsx,50 DAY
L001,P001,T1,R1,T1 A,50,,,,,,,,,11,8,152,92,3,,college_biometric_observations.xlsx,50 DAY
L001,P001,T1,R1,T1 A,50,,,,,,,,,8,9,155,94,2.9,,college_biometric_observations.xlsx,50 DAY
L001,P002,T2,R1,T2 A,50,,,,,,,,,17,9,159,92,3.2,,college_biometric_observations.xlsx,50 DAY
L001,P002,T2,R1,T2 A,50,,,,,,,,,26,8,142,94,3.9,,college_biometric_observations.xlsx,50 DAY
L001,P002,T2,R1,T2 A,50,,,,,,,,,19,8,149,99,2.9,,college_biometric_observations.xlsx,50 DAY
L001,P002,T2,R1,T2 A,50,,,,,,,,,22,9,121,89,3.5,,college_biometric_observations.xlsx,50 DAY
L001,P002,T2,R1,T2 A,50,,,,,,,,,15,9,145,105,3.2,,college_biometric_observations.xlsx,50 DAY
L001,P003,T3,R1,T3 A,50,,,,,,,,,16,9,145,89,3.1,,college_biometric_observations.xlsx,50 DAY
L001,P003,T3,R1,T3 A,50,,,,,,,,,19,9,149,92,3.2,,college_biometric_observations.xlsx,50 DAY
L001,P003,T3,R1,T3 A,50,,,,,,,,,24,9,152,105,2.9,,college_biometric_observations.xlsx,50 DAY
L001,P003,T3,R1,T3 A,50,,,,,,,,,22,8,151,98,3.7,,college_biometric_observations.xlsx,50 DAY
L001,P003,T3,R1,T3 A,50,,,,,,,,,26,9,148,92,3.2,,college_biometric_observations.xlsx,50 DAY
L001,P004,T4,R1,T4 A,50,,,,,,,,,22,9,145,92,3.2,,college_biometric_observations.xlsx,50 DAY
L001,P004,T4,R1,T4 A,50,,,,,,,,,19,9,132,98,3.2,,college_biometric_observations.xlsx,50 DAY
L001,P004,T4,R1,T4 A,50,,,,,,,,,17,8,146,96,3.9,,college_biometric_observations.xlsx,50 DAY
L001,P004,T4,R1,T4 A,50,,,,,,,,,25,9,139,93,3.1,,college_biometric_observations.xlsx,50 DAY
L001,P004,T4,R1,T4 A,50,,,,,,,,,28,10,145,99,2.9,,college_biometric_observations.xlsx,50 DAY
L001,P005,T5,R1,T5 A,50,,,,,,,,,28,9,139,96,3.4,,college_biometric_observations.xlsx,50 DAY
L001,P005,T5,R1,T5 A,50,,,,,,,,,22,9,133,98,3.1,,college_biometric_observations.xlsx,50 DAY
L001,P005,T5,R1,T5 A,50,,,,,,,,,17,8,149,89,3.4,,college_biometric_observations.xlsx,50 DAY
L001,P005,T5,R1,T5 A,50,,,,,,,,,21,9,151,103,3.3,,college_biometric_observations.xlsx,50 DAY
L001,P005,T5,R1,T5 A,50,,,,,,,,,24,9,149,111,3.9,,college_biometric_observations.xlsx,50 DAY
L001,P006,T6,R1,T6 A,50,,,,,,,,,23,8,148,89,3.4,,college_biometric_observations.xlsx,50 DAY
L001,P006,T6,R1,T6 A,50,,,,,,,,,16,9,140,102,2.9,,college_biometric_observations.xlsx,50 DAY
L001,P006,T6,R1,T6 A,50,,,,,,,,,19,9,151,95,3.2,,college_biometric_observations.xlsx,50 DAY
L001,P006,T6,R1,T6 A,50,,,,,,,,,22,9,142,88,3.6,,college_biometric_observations.xlsx,50 DAY
L001,P006,T6,R1,T6 A,50,,,,,,,,,25,9,150,94,3.5,,college_biometric_observations.xlsx,50 DAY
L001,P007,T7,R1,T7 A,50,,,,,,,,,16,9,145,110,3.5,,college_biometric_observations.xlsx,50 DAY
L001,P007,T7,R1,T7 A,50,,,,,,,,,18,9,155,102,3.6,,college_biometric_observations.xlsx,50 DAY
L001,P007,T7,R1,T7 A,50,,,,,,,,,19,7,156,115,3.3,,college_biometric_observations.xlsx,50 DAY
L001,P007,T7,R1,T7 A,50,,,,,,,,,18,8,140,89,2.9,,college_biometric_observations.xlsx,50 DAY
L001,P007,T7,R1,T7 A,50,,,,,,,,,16,9,145,91,2.5,,college_biometric_observations.xlsx,50 DAY
L001,P008,T8,R1,T8 A,50,,,,,,,,,17,8,165,89,3.2,,college_biometric_observations.xlsx,50 DAY
L001,P008,T8,R1,T8 A,50,,,,,,,,,14,9,152,98,3.9,,college_biometric_observations.xlsx,50 DAY
L001,P008,T8,R1,T8 A,50,,,,,,,,,19,9,156,92,3.1,,college_biometric_observations.xlsx,50 DAY
L001,P008,T8,R1,T8 A,50,,,,,,,,,21,9,159,95,2.9,,college_biometric_observations.xlsx,50 DAY
L001,P008,T8,R1,T8 A,50,,,,,,,,,19,9,153,96,3.5,,college_biometric_observations.xlsx,50 DAY
L001,P009,T9,R1,T9 A,50,,,,,,,,,15,9,161,94,3.5,,college_biometric_observations.xlsx,50 DAY
L001,P009,T9,R1,T9 A,50,,,,,,,,,18,8,159,98,3.9,,college_biometric_observations.xlsx,50 DAY
L001,P009,T9,R1,T9 A,50,,,,,,,,,22,8,155,96,4.2,,college_biometric_observations.xlsx,50 DAY
L001,P009,T9,R1,T9 A,50,,,,,,,,,19,9,145,89,3.5,,college_biometric_observations.xlsx,50 DAY
L001,P009,T9,R1,T9 A,50,,,,,,,,,20,9,148,105,2.9,,college_biometric_observations.xlsx,50 DAY
L001,P010,T10,R1,T10 A,50,,,,,,,,,17,9,170,105,2.5,,college_biometric_observations.xlsx,50 DAY
L001,P010,T10,R1,T10 A,50,,,,,,,,,18,9,155,112,3,,college_biometric_observations.xlsx,50 DAY
L001,P010,T10,R1,T10 A,50,,,,,,,,,16,9,162,99,2.3,,college_biometric_observations.xlsx,50 DAY
L001,P010,T10,R1,T10 A,50,,,,,,,,,14,8,159,103,2.9,,college_biometric_observations.xlsx,50 DAY
L001,P010,T10,R1,T10 A,50,,,,,,,,,19,9,163,109,3.2,,college_biometric_observations.xlsx,50 DAY
L001,P011,T11,R1,T11 A,50,,,,,,,,,19,9,165,92,3.2,,college_biometric_observations.xlsx,50 DAY
L001,P011,T11,R1,T11 A,50,,,,,,,,,21,8,152,95,2.9,,college_biometric_observations.xlsx,50 DAY
L001,P011,T11,R1,T11 A,50,,,,,,,,,16,9,149,94,3.4,,college_biometric_observations.xlsx,50 DAY
L001,P011,T11,R1,T11 A,50,,,,,,,,,21,9,156,102,3.6,,college_biometric_observations.xlsx,50 DAY
L001,P011,T11,R1,T11 A,50,,,,,,,,,19,9,154,94,3.2,,college_biometric_observations.xlsx,50 DAY
L001,P012,T12,R1,T12 A,50,,,,,,,,,14,9,145,98,2.9,,college_biometric_observations.xlsx,50 DAY
L001,P012,T12,R1,T12 A,50,,,,,,,,,9,8,121,102,3.4,,college_biometric_observations.xlsx,50 DAY
L001,P012,T12,R1,T12 A,50,,,,,,,,,22,9,159,92,3.2,,college_biometric_observations.xlsx,50 DAY
L001,P012,T12,R1,T12 A,50,,,,,,,,,19,9,149,99,3,,college_biometric_observations.xlsx,50 DAY
L001,P012,T12,R1,T12 A,50,,,,,,,,,16,9,162,106,3.6,,college_biometric_observations.xlsx,50 DAY
L001,P013,T13,R1,T13 A,50,,,,,,,,,13,92,169,92,2.5,,college_biometric_observations.xlsx,50 DAY
L001,P013,T13,R1,T13 A,50,,,,,,,,,8,96,155,96,3.2,,college_biometric_observations.xlsx,50 DAY
L001,P013,T13,R1,T13 A,50,,,,,,,,,17,49,152,99,2.9,,college_biometric_observations.xlsx,50 DAY
L001,P013,T13,R1,T13 A,50,,,,,,,,,21,103,162,103,3.4,,college_biometric_observations.xlsx,50 DAY
L001,P013,T13,R1,T13 A,50,,,,,,,,,16,105,166,105,3.7,,college_biometric_observations.xlsx,50 DAY
L001,P014,T14,R1,T14 A,50,,,,,,,,,11,9,153,107,3.6,,college_biometric_observations.xlsx,50 DAY
L001,P014,T14,R1,T14 A,50,,,,,,,,,15,8,169,121,3.2,,college_biometric_observations.xlsx,50 DAY
L001,P014,T14,R1,T14 A,50,,,,,,,,,19,9,172,114,2.9,,college_biometric_observations.xlsx,50 DAY
L001,P014,T14,R1,T14 A,50,,,,,,,,,24,9,159,98,3.5,,college_biometric_observations.xlsx,50 DAY
L001,P014,T14,R1,T14 A,50,,,,,,,,,18,9,155,102,3.7,,college_biometric_observations.xlsx,50 DAY
L001,P015,T1,R2,T1 A,50,,,,,,,,,17,8,160,122,3.4,,college_biometric_observations.xlsx,50 DAY
L001,P015,T1,R2,T1 A,50,,,,,,,,,11,7,137,110,3.8,,college_biometric_observations.xlsx,50 DAY
L001,P015,T1,R2,T1 A,50,,,,,,,,,16,7,154,105,3.3,,college_biometric_observations.xlsx,50 DAY
L001,P015,T1,R2,T1 A,50,,,,,,,,,8,9,104,104,2.8,,college_biometric_observations.xlsx,50 DAY
L001,P015,T1,R2,T1 A,50,,,,,,,,,16,7,140,110,3.5,,college_biometric_observations.xlsx,50 DAY
L001,P016,T2,R2,T2 A,50,,,,,,,,,9,6,149,103,2.9,,college_biometric_observations.xlsx,50 DAY
L001,P016,T2,R2,T2 A,50,,,,,,,,,13,7,150,109,3.2,,college_biometric_observations.xlsx,50 DAY
L001,P016,T2,R2,T2 A,50,,,,,,,,,15,9,154,112,3.3,,college_biometric_observations.xlsx,50 DAY
L001,P016,T2,R2,T2 A,50,,,,,,,,,17,8,156,110,3.1,,college_biometric_observations.xlsx,50 DAY
L001,P016,T2,R2,T2 A,50,,,,,,,,,16,7,150,108,3.3,,college_biometric_observations.xlsx,50 DAY
L001,P017,T3,R2,T3 A,50,,,,,,,,,14,8,154,105,4.3,,college_biometric_observations.xlsx,50 DAY
L001,P017,T3,R2,T3 A,50,,,,,,,,,19,7,135,102,3.4,,college_biometric_observations.xlsx,50 DAY
L001,P017,T3,R2,T3 A,50,,,,,,,,,16,6,129,84,3,,college_biometric_observations.xlsx,50 DAY
L001,P017,T3,R2,T3 A,50,,,,,,,,,13,7,140,105,3.3,,college_biometric_observations.xlsx,50 DAY
L001,P017,T3,R2,T3 A,50,,,,,,,,,14,8,156,103,3.9,,college_biometric_observations.xlsx,50 DAY
L001,P018,T4,R2,T4 A,50,,,,,,,,,18,7,167,111,3.4,,college_biometric_observations.xlsx,50 DAY
L001,P018,T4,R2,T4 A,50,,,,,,,,,17,8,139,113,3.5,,college_biometric_observations.xlsx,50 DAY
L001,P018,T4,R2,T4 A,50,,,,,,,,,19,9,119,99,2.9,,college_biometric_observations.xlsx,50 DAY
L001,P018,T4,R2,T4 A,50,,,,,,,,,18,9,149,105,3.3,,college_biometric_observations.xlsx,50 DAY
L001,P018,T4,R2,T4 A,50,,,,,,,,,16,8,173,101,3.2,,college_biometric_observations.xlsx,50 DAY
L001,P019,T5,R2,T5 A,50,,,,,,,,,9,8,148,109,4.1,,college_biometric_observations.xlsx,50 DAY
L001,P019,T5,R2,T5 A,50,,,,,,,,,18,9,139,111,3.8,,college_biometric_observations.xlsx,50 DAY
L001,P019,T5,R2,T5 A,50,,,,,,,,,14,7,146,98,3.4,,college_biometric_observations.xlsx,50 DAY
L001,P019,T5,R2,T5 A,50,,,,,,,,,10,8,138,110,3.2,,college_biometric_observations.xlsx,50 DAY
L001,P019,T5,R2,T5 A,50,,,,,,,,,17,9,149,115,3.6,,college_biometric_observations.xlsx,50 DAY
L001,P020,T6,R2,T6 A,50,,,,,,,,,17,7,123,81,2.9,,college_biometric_observations.xlsx,50 DAY
L001,P020,T6,R2,T6 A,50,,,,,,,,,19,9,115,98,3.1,,college_biometric_observations.xlsx,50 DAY
L001,P020,T6,R2,T6 A,50,,,,,,,,,13,8,145,111,3.4,,college_biometric_observations.xlsx,50 DAY
L001,P020,T6,R2,T6 A,50,,,,,,,,,18,9,134,104,3.5,,college_biometric_observations.xlsx,50 DAY
L001,P020,T6,R2,T6 A,50,,,,,,,,,15,8,140,112,3.6,,college_biometric_observations.xlsx,50 DAY
L001,P021,T7,R2,T7 A,50,,,,,,,,,16,8,182,119,3.4,,college_biometric_observations.xlsx,50 DAY
L001,P021,T7,R2,T7 A,50,,,,,,,,,12,9,170,123,3.3,,college_biometric_observations.xlsx,50 DAY
L001,P021,T7,R2,T7 A,50,,,,,,,,,14,8,167,113,3.1,,college_biometric_observations.xlsx,50 DAY
L001,P021,T7,R2,T7 A,50,,,,,,,,,15,9,151,115,3.4,,college_biometric_observations.xlsx,50 DAY
L001,P021,T7,R2,T7 A,50,,,,,,,,,19,8,147,106,3.3,,college_biometric_observations.xlsx,50 DAY
L001,P022,T8,R2,T8 A,50,,,,,,,,,25,8,148,110,3.1,,college_biometric_observations.xlsx,50 DAY
L001,P022,T8,R2,T8 A,50,,,,,,,,,21,9,150,113,3.6,,college_biometric_observations.xlsx,50 DAY
L001,P022,T8,R2,T8 A,50,,,,,,,,,17,7,157,95,3.1,,college_biometric_observations.xlsx,50 DAY
L001,P022,T8,R2,T8 A,50,,,,,,,,,15,8,149,103,3.3,,college_biometric_observations.xlsx,50 DAY
L001,P022,T8,R2,T8 A,50,,,,,,,,,19,9,154,109,2.9,,college_biometric_observations.xlsx,50 DAY
L001,P023,T9,R2,T9 A,50,,,,,,,,,19,8,140,99,2.9,,college_biometric_observations.xlsx,50 DAY
L001,P023,T9,R2,T9 A,50,,,,,,,,,15,9,135,103,3.2,,college_biometric_observations.xlsx,50 DAY
L001,P023,T9,R2,T9 A,50,,,,,,,,,19,8,139,112,3.1,,college_biometric_observations.xlsx,50 DAY
L001,P023,T9,R2,T9 A,50,,,,,,,,,16,8,141,115,3.3,,college_biometric_observations.xlsx,50 DAY
L001,P023,T9,R2,T9 A,50,,,,,,,,,14,9,146,106,3.1,,college_biometric_observations.xlsx,50 DAY
L001,P024,T10,R2,T10 A,50,,,,,,,,,19,8,149,101,2.9,,college_biometric_observations.xlsx,50 DAY
L001,P024,T10,R2,T10 A,50,,,,,,,,,17,9,153,109,3.1,,college_biometric_observations.xlsx,50 DAY
L001,P024,T10,R2,T10 A,50,,,,,,,,,15,8,148,111,3.1,,college_biometric_observations.xlsx,50 DAY
L001,P024,T10,R2,T10 A,50,,,,,,,,,21,8,160,118,3.3,,college_biometric_observations.xlsx,50 DAY
L001,P024,T10,R2,T10 A,50,,,,,,,,,24,9,148,105,2.8,,college_biometric_observations.xlsx,50 DAY
L001,P025,T11,R2,T11 A,50,,,,,,,,,19,8,167,128,4,,college_biometric_observations.xlsx,50 DAY
L001,P025,T11,R2,T11 A,50,,,,,,,,,14,8,146,106,3.2,,college_biometric_observations.xlsx,50 DAY
L001,P025,T11,R2,T11 A,50,,,,,,,,,16,9,153,111,2.8,,college_biometric_observations.xlsx,50 DAY
L001,P025,T11,R2,T11 A,50,,,,,,,,,12,8,156,119,2.9,,college_biometric_observations.xlsx,50 DAY
L001,P025,T11,R2,T11 A,50,,,,,,,,,17,8,139,95,2.9,,college_biometric_observations.xlsx,50 DAY
L001,P026,T12,R2,T12 A,50,,,,,,,,,18,9,157,110,3.2,,college_biometric_observations.xlsx,50 DAY
L001,P026,T12,R2,T12 A,50,,,,,,,,,19,8,149,112,3.6,,college_biometric_observations.xlsx,50 DAY
L001,P026,T12,R2,T12 A,50,,,,,,,,,17,7,160,103,3.4,,college_biometric_observations.xlsx,50 DAY
L001,P026,T12,R2,T12 A,50,,,,,,,,,14,8,148,109,4.1,,college_biometric_observations.xlsx,50 DAY
L001,P026,T12,R2,T12 A,50,,,,,,,,,16,9,154,113,3.7,,college_biometric_observations.xlsx,50 DAY
L001,P027,T13,R2,T13 A,50,,,,,,,,,13,9,158,117,3.9,,college_biometric_observations.xlsx,50 DAY
L001,P027,T13,R2,T13 A,50,,,,,,,,,18,8,147,109,3.5,,college_biometric_observations.xlsx,50 DAY
L001,P027,T13,R2,T13 A,50,,,,,,,,,9,8,163,119,3.7,,college_biometric_observations.xlsx,50 DAY
L001,P027,T13,R2,T13 A,50,,,,,,,,,17,9,123,75,2.7,,college_biometric_observations.xlsx,50 DAY
L001,P027,T13,R2,T13 A,50,,,,,,,,,16,8,103,99,3.8,,college_biometric_observations.xlsx,50 DAY
L001,P028,T14,R2,T14 A,50,,,,,,,,,19,9,139,109,3.4,,college_biometric_observations.xlsx,50 DAY
L001,P028,T14,R2,T14 A,50,,,,,,,,,24,8,135,105,3.1,,college_biometric_observations.xlsx,50 DAY
L001,P028,T14,R2,T14 A,50,,,,,,,,,22,9,145,96,3.9,,college_biometric_observations.xlsx,50 DAY
L001,P028,T14,R2,T14 A,50,,,,,,,,,18,8,128,108,3.5,,college_biometric_observations.xlsx,50 DAY
L001,P028,T14,R2,T14 A,50,,,,,,,,,17,8,153,114,3.4,,college_biometric_observations.xlsx,50 DAY
L001,P001,T1,R1,T1 A,60,,,,,,,,,12,9,170,106,3.7,,college_biometric_observations.xlsx,60 DAY
L001,P001,T1,R1,T1 A,60,,,,,,,,,10,9,145,103,3.1,,college_biometric_observations.xlsx,60 DAY
L001,P001,T1,R1,T1 A,60,,,,,,,,,11,9,151,102,3.2,,college_biometric_observations.xlsx,60 DAY
L001,P001,T1,R1,T1 A,60,,,,,,,,,13,9,159,103,3.4,,college_biometric_observations.xlsx,60 DAY
L001,P001,T1,R1,T1 A,60,,,,,,,,,11,9,172,110,4.1,,college_biometric_observations.xlsx,60 DAY
L001,P002,T2,R1,T2 A,60,,,,,,,,,20,9,172,101,3.8,,college_biometric_observations.xlsx,60 DAY
L001,P002,T2,R1,T2 A,60,,,,,,,,,18,9,174,108,3.7,,college_biometric_observations.xlsx,60 DAY
L001,P002,T2,R1,T2 A,60,,,,,,,,,27,9,175,110,3.5,,college_biometric_observations.xlsx,60 DAY
L001,P002,T2,R1,T2 A,60,,,,,,,,,22,9,166,107,3.6,,college_biometric_observations.xlsx,60 DAY
L001,P002,T2,R1,T2 A,60,,,,,,,,,21,9,169,103,3.5,,college_biometric_observations.xlsx,60 DAY
L001,P003,T3,R1,T3 A,60,,,,,,,,,19,10,180,110,3.4,,college_biometric_observations.xlsx,60 DAY
L001,P003,T3,R1,T3 A,60,,,,,,,,,20,9,155,104,3.7,,college_biometric_observations.xlsx,60 DAY
L001,P003,T3,R1,T3 A,60,,,,,,,,,18,9,168,108,3,,college_biometric_observations.xlsx,60 DAY
L001,P003,T3,R1,T3 A,60,,,,,,,,,20,10,174,106,3.9,,college_biometric_observations.xlsx,60 DAY
L001,P003,T3,R1,T3 A,60,,,,,,,,,15,9,185,119,4.1,,college_biometric_observations.xlsx,60 DAY
L001,P004,T4,R1,T4 A,60,,,,,,,,,12,9,153,97,3.6,,college_biometric_observations.xlsx,60 DAY
L001,P004,T4,R1,T4 A,60,,,,,,,,,14,10,173,110,3.5,,college_biometric_observations.xlsx,60 DAY
L001,P004,T4,R1,T4 A,60,,,,,,,,,15,9,180,105,2.9,,college_biometric_observations.xlsx,60 DAY
L001,P004,T4,R1,T4 A,60,,,,,,,,,14,9,179,110,3.7,,college_biometric_observations.xlsx,60 DAY
L001,P004,T4,R1,T4 A,60,,,,,,,,,20,9,155,110,3.2,,college_biometric_observations.xlsx,60 DAY
L001,P005,T5,R1,T5 A,60,,,,,,,,,16,9,155,107,3.4,,college_biometric_observations.xlsx,60 DAY
L001,P005,T5,R1,T5 A,60,,,,,,,,,23,9,173,109,3.7,,college_biometric_observations.xlsx,60 DAY
L001,P005,T5,R1,T5 A,60,,,,,,,,,21,10,165,104,3.2,,college_biometric_observations.xlsx,60 DAY
L001,P005,T5,R1,T5 A,60,,,,,,,,,16,9,170,110,3.7,,college_biometric_observations.xlsx,60 DAY
L001,P005,T5,R1,T5 A,60,,,,,,,,,18,10,170,108,3.5,,college_biometric_observations.xlsx,60 DAY
L001,P006,T6,R1,T6 A,60,,,,,,,,,15,9,164,105,3.5,,college_biometric_observations.xlsx,60 DAY
L001,P006,T6,R1,T6 A,60,,,,,,,,,22,9,183,120,3.6,,college_biometric_observations.xlsx,60 DAY
L001,P006,T6,R1,T6 A,60,,,,,,,,,19,10,179,111,4,,college_biometric_observations.xlsx,60 DAY
L001,P006,T6,R1,T6 A,60,,,,,,,,,26,8,180,116,3.7,,college_biometric_observations.xlsx,60 DAY
L001,P006,T6,R1,T6 A,60,,,,,,,,,19,10,168,109,3.5,,college_biometric_observations.xlsx,60 DAY
L001,P007,T7,R1,T7 A,60,,,,,,,,,22,8,159,108,3.5,,college_biometric_observations.xlsx,60 DAY
L001,P007,T7,R1,T7 A,60,,,,,,,,,17,9,163,109,3.4,,college_biometric_observations.xlsx,60 DAY
L001,P007,T7,R1,T7 A,60,,,,,,,,,20,10,165,110,3.5,,college_biometric_observations.xlsx,60 DAY
L001,P007,T7,R1,T7 A,60,,,,,,,,,20,10,175,108,3.9,,college_biometric_observations.xlsx,60 DAY
L001,P007,T7,R1,T7 A,60,,,,,,,,,16,9,170,108,4,,college_biometric_observations.xlsx,60 DAY
L001,P008,T8,R1,T8 A,60,,,,,,,,,18,10,182,123,3.2,,college_biometric_observations.xlsx,60 DAY
L001,P008,T8,R1,T8 A,60,,,,,,,,,16,10,180,113,3.9,,college_biometric_observations.xlsx,60 DAY
L001,P008,T8,R1,T8 A,60,,,,,,,,,10,9,180,110,3.2,,college_biometric_observations.xlsx,60 DAY
L001,P008,T8,R1,T8 A,60,,,,,,,,,15,10,165,109,3.8,,college_biometric_observations.xlsx,60 DAY
L001,P008,T8,R1,T8 A,60,,,,,,,,,15,9,184,121,3.6,,college_biometric_observations.xlsx,60 DAY
L001,P009,T9,R1,T9 A,60,,,,,,,,,19,9,160,101,3.1,,college_biometric_observations.xlsx,60 DAY
L001,P009,T9,R1,T9 A,60,,,,,,,,,17,10,152,103,3.4,,college_biometric_observations.xlsx,60 DAY
L001,P009,T9,R1,T9 A,60,,,,,,,,,19,9,170,111,3.1,,college_biometric_observations.xlsx,60 DAY
L001,P009,T9,R1,T9 A,60,,,,,,,,,17,9,170,110,3.7,,college_biometric_observations.xlsx,60 DAY
L001,P009,T9,R1,T9 A,60,,,,,,,,,18,9,183,121,4.2,,college_biometric_observations.xlsx,60 DAY
L001,P010,T10,R1,T10 A,60,,,,,,,,,18,9,186,120,3.4,,college_biometric_observations.xlsx,60 DAY
L001,P010,T10,R1,T10 A,60,,,,,,,,,13,9,181,113,3.5,,college_biometric_observations.xlsx,60 DAY
L001,P010,T10,R1,T10 A,60,,,,,,,,,21,9,190,122,3,,college_biometric_observations.xlsx,60 DAY
L001,P010,T10,R1,T10 A,60,,,,,,,,,15,10,189,114,3.4,,college_biometric_observations.xlsx,60 DAY
L001,P010,T10,R1,T10 A,60,,,,,,,,,20,9,185,112,3.9,,college_biometric_observations.xlsx,60 DAY
L001,P011,T11,R1,T11 A,60,,,,,,,,,21,10,185,117,3.5,,college_biometric_observations.xlsx,60 DAY
L001,P011,T11,R1,T11 A,60,,,,,,,,,20,9,173,108,3.4,,college_biometric_observations.xlsx,60 DAY
L001,P011,T11,R1,T11 A,60,,,,,,,,,17,10,176,121,3.8,,college_biometric_observations.xlsx,60 DAY
L001,P011,T11,R1,T11 A,60,,,,,,,,,17,9,186,116,3.4,,college_biometric_observations.xlsx,60 DAY
L001,P011,T11,R1,T11 A,60,,,,,,,,,17,10,201,120,4,,college_biometric_observations.xlsx,60 DAY
L001,P012,T12,R1,T12 A,60,,,,,,,,,16,9,177,114,3.9,,college_biometric_observations.xlsx,60 DAY
L001,P012,T12,R1,T12 A,60,,,,,,,,,17,9,179,110,3.7,,college_biometric_observations.xlsx,60 DAY
L001,P012,T12,R1,T12 A,60,,,,,,,,,11,9,166,117,3.9,,college_biometric_observations.xlsx,60 DAY
L001,P012,T12,R1,T12 A,60,,,,,,,,,9,9,175,114,3.3,,college_biometric_observations.xlsx,60 DAY
L001,P012,T12,R1,T12 A,60,,,,,,,,,11,9,165,103,3.4,,college_biometric_observations.xlsx,60 DAY
L001,P013,T13,R1,T13 A,60,,,,,,,,,12,10,163,120,4.2,,college_biometric_observations.xlsx,60 DAY
L001,P013,T13,R1,T13 A,60,,,,,,,,,14,9,146,102,2.9,,college_biometric_observations.xlsx,60 DAY
L001,P013,T13,R1,T13 A,60,,,,,,,,,24,9,174,111,4,,college_biometric_observations.xlsx,60 DAY
L001,P013,T13,R1,T13 A,60,,,,,,,,,14,9,164,106,3.8,,college_biometric_observations.xlsx,60 DAY
L001,P013,T13,R1,T13 A,60,,,,,,,,,16,10,171,113,3.6,,college_biometric_observations.xlsx,60 DAY
L001,P014,T14,R1,T14 A,60,,,,,,,,,16,10,192,121,3.5,,college_biometric_observations.xlsx,60 DAY
L001,P014,T14,R1,T14 A,60,,,,,,,,,19,9,189,123,4,,college_biometric_observations.xlsx,60 DAY
L001,P014,T14,R1,T14 A,60,,,,,,,,,20,10,185,110,3.7,,college_biometric_observations.xlsx,60 DAY
L001,P014,T14,R1,T14 A,60,,,,,,,,,25,9,198,117,3.8,,college_biometric_observations.xlsx,60 DAY
L001,P014,T14,R1,T14 A,60,,,,,,,,,19,9,203,122,3.8,,college_biometric_observations.xlsx,60 DAY
L001,P015,T1,R2,T1 A,60,,,,,,,,,11,10,180,117,3.8,,college_biometric_observations.xlsx,60 DAY
L001,P015,T1,R2,T1 A,60,,,,,,,,,16,9,185,110,4.2,,college_biometric_observations.xlsx,60 DAY
L001,P015,T1,R2,T1 A,60,,,,,,,,,7,9,174,105,3.5,,college_biometric_observations.xlsx,60 DAY
L001,P015,T1,R2,T1 A,60,,,,,,,,,8,9,183,115,3.3,,college_biometric_observations.xlsx,60 DAY
L001,P015,T1,R2,T1 A,60,,,,,,,,,12,9,154,107,3.4,,college_biometric_observations.xlsx,60 DAY
L001,P016,T2,R2,T2 A,60,,,,,,,,,22,8,147,100,3.6,,college_biometric_observations.xlsx,60 DAY
L001,P016,T2,R2,T2 A,60,,,,,,,,,16,9,155,103,3.8,,college_biometric_observations.xlsx,60 DAY
L001,P016,T2,R2,T2 A,60,,,,,,,,,11,8,154,106,3.7,,college_biometric_observations.xlsx,60 DAY
L001,P016,T2,R2,T2 A,60,,,,,,,,,12,10,169,107,3.6,,college_biometric_observations.xlsx,60 DAY
L001,P016,T2,R2,T2 A,60,,,,,,,,,14,9,172,117,3.6,,college_biometric_observations.xlsx,60 DAY
L001,P017,T3,R2,T3 A,60,,,,,,,,,14,9,183,121,3.9,,college_biometric_observations.xlsx,60 DAY
L001,P017,T3,R2,T3 A,60,,,,,,,,,17,8,175,109,3.7,,college_biometric_observations.xlsx,60 DAY
L001,P017,T3,R2,T3 A,60,,,,,,,,,14,9,180,107,4,,college_biometric_observations.xlsx,60 DAY
L001,P017,T3,R2,T3 A,60,,,,,,,,,16,8,200,108,3.7,,college_biometric_observations.xlsx,60 DAY
L001,P017,T3,R2,T3 A,60,,,,,,,,,17,9,158,102,3.5,,college_biometric_observations.xlsx,60 DAY
L001,P018,T4,R2,T4 A,60,,,,,,,,,15,10,207,110,3.4,,college_biometric_observations.xlsx,60 DAY
L001,P018,T4,R2,T4 A,60,,,,,,,,,11,9,170,111,3.8,,college_biometric_observations.xlsx,60 DAY
L001,P018,T4,R2,T4 A,60,,,,,,,,,13,9,174,118,3.2,,college_biometric_observations.xlsx,60 DAY
L001,P018,T4,R2,T4 A,60,,,,,,,,,15,10,180,112,3.6,,college_biometric_observations.xlsx,60 DAY
L001,P018,T4,R2,T4 A,60,,,,,,,,,13,9,186,115,3.7,,college_biometric_observations.xlsx,60 DAY
L001,P019,T5,R2,T5 A,60,,,,,,,,,13,9,193,121,4.4,,college_biometric_observations.xlsx,60 DAY
L001,P019,T5,R2,T5 A,60,,,,,,,,,16,9,163,109,4.3,,college_biometric_observations.xlsx,60 DAY
L001,P019,T5,R2,T5 A,60,,,,,,,,,13,10,201,113,3.9,,college_biometric_observations.xlsx,60 DAY
L001,P019,T5,R2,T5 A,60,,,,,,,,,15,9,170,109,3.7,,college_biometric_observations.xlsx,60 DAY
L001,P019,T5,R2,T5 A,60,,,,,,,,,20,8,197,125,3.9,,college_biometric_observations.xlsx,60 DAY
L001,P020,T6,R2,T6 A,60,,,,,,,,,22,10,162,113,3.6,,college_biometric_observations.xlsx,60 DAY
L001,P020,T6,R2,T6 A,60,,,,,,,,,13,9,179,111,3.9,,college_biometric_observations.xlsx,60 DAY
L001,P020,T6,R2,T6 A,60,,,,,,,,,13,8,170,100,3.8,,college_biometric_observations.xlsx,60 DAY
L001,P020,T6,R2,T6 A,60,,,,,,,,,11,9,198,120,3.5,,college_biometric_observations.xlsx,60 DAY
L001,P020,T6,R2,T6 A,60,,,,,,,,,13,9,178,113,4.1,,college_biometric_observations.xlsx,60 DAY
L001,P021,T7,R2,T7 A,60,,,,,,,,,8,11,199,126,4.3,,college_biometric_observations.xlsx,60 DAY
L001,P021,T7,R2,T7 A,60,,,,,,,,,12,9,190,103,4,,college_biometric_observations.xlsx,60 DAY
L001,P021,T7,R2,T7 A,60,,,,,,,,,19,9,209,110,3.5,,college_biometric_observations.xlsx,60 DAY
L001,P021,T7,R2,T7 A,60,,,,,,,,,18,10,195,115,3.8,,college_biometric_observations.xlsx,60 DAY
L001,P021,T7,R2,T7 A,60,,,,,,,,,15,8,175,109,3.6,,college_biometric_observations.xlsx,60 DAY
L001,P022,T8,R2,T8 A,60,,,,,,,,,19,10,174,102,3.7,,college_biometric_observations.xlsx,60 DAY
L001,P022,T8,R2,T8 A,60,,,,,,,,,15,9,173,106,3.3,,college_biometric_observations.xlsx,60 DAY
L001,P022,T8,R2,T8 A,60,,,,,,,,,15,8,169,112,3.6,,college_biometric_observations.xlsx,60 DAY
L001,P022,T8,R2,T8 A,60,,,,,,,,,19,9,158,102,3.4,,college_biometric_observations.xlsx,60 DAY
L001,P022,T8,R2,T8 A,60,,,,,,,,,14,10,183,119,3.6,,college_biometric_observations.xlsx,60 DAY
L001,P023,T9,R2,T9 A,60,,,,,,,,,12,9,175,110,3.4,,college_biometric_observations.xlsx,60 DAY
L001,P023,T9,R2,T9 A,60,,,,,,,,,11,10,178,105,3.5,,college_biometric_observations.xlsx,60 DAY
L001,P023,T9,R2,T9 A,60,,,,,,,,,11,8,155,102,3.4,,college_biometric_observations.xlsx,60 DAY
L001,P023,T9,R2,T9 A,60,,,,,,,,,19,9,170,104,3.9,,college_biometric_observations.xlsx,60 DAY
L001,P023,T9,R2,T9 A,60,,,,,,,,,17,9,165,99,2.9,,college_biometric_observations.xlsx,60 DAY
L001,P024,T10,R2,T10 A,60,,,,,,,,,25,8,144,90,3.8,,college_biometric_observations.xlsx,60 DAY
L001,P024,T10,R2,T10 A,60,,,,,,,,,17,8,164,105,3.5,,college_biometric_observations.xlsx,60 DAY
L001,P024,T10,R2,T10 A,60,,,,,,,,,12,9,155,106,3.1,,college_biometric_observations.xlsx,60 DAY
L001,P024,T10,R2,T10 A,60,,,,,,,,,11,8,143,102,3.3,,college_biometric_observations.xlsx,60 DAY
L001,P024,T10,R2,T10 A,60,,,,,,,,,11,8,167,109,3.1,,college_biometric_observations.xlsx,60 DAY
L001,P025,T11,R2,T11 A,60,,,,,,,,,21,9,157,99,3.8,,college_biometric_observations.xlsx,60 DAY
L001,P025,T11,R2,T11 A,60,,,,,,,,,14,8,170,109,3.4,,college_biometric_observations.xlsx,60 DAY
L001,P025,T11,R2,T11 A,60,,,,,,,,,16,9,171,111,3.6,,college_biometric_observations.xlsx,60 DAY
L001,P025,T11,R2,T11 A,60,,,,,,,,,14,9,168,108,3.3,,college_biometric_observations.xlsx,60 DAY
L001,P025,T11,R2,T11 A,60,,,,,,,,,15,8,160,99,3.7,,college_biometric_observations.xlsx,60 DAY
L001,P026,T12,R2,T12 A,60,,,,,,,,,17,8,160,110,3.4,,college_biometric_observations.xlsx,60 DAY
L001,P026,T12,R2,T12 A,60,,,,,,,,,19,9,176,109,4.1,,college_biometric_observations.xlsx,60 DAY
L001,P026,T12,R2,T12 A,60,,,,,,,,,13,10,164,108,4.1,,college_biometric_observations.xlsx,60 DAY
L001,P026,T12,R2,T12 A,60,,,,,,,,,15,9,178,115,4.3,,college_biometric_observations.xlsx,60 DAY
L001,P026,T12,R2,T12 A,60,,,,,,,,,17,9,173,109,3.6,,college_biometric_observations.xlsx,60 DAY
L001,P027,T13,R2,T13 A,60,,,,,,,,,13,8,185,110,3.4,,college_biometric_observations.xlsx,60 DAY
L001,P027,T13,R2,T13 A,60,,,,,,,,,11,9,189,114,4.1,,college_biometric_observations.xlsx,60 DAY
L001,P027,T13,R2,T13 A,60,,,,,,,,,14,10,202,128,3.5,,college_biometric_observations.xlsx,60 DAY
L001,P027,T13,R2,T13 A,60,,,,,,,,,20,9,180,119,4.1,,college_biometric_observations.xlsx,60 DAY
L001,P027,T13,R2,T13 A,60,,,,,,,,,14,10,200,105,4.2,,college_biometric_observations.xlsx,60 DAY
L001,P028,T14,R2,T14 A,60,,,,,,,,,15,7,160,115,3.6,,college_biometric_observations.xlsx,60 DAY
L001,P028,T14,R2,T14 A,60,,,,,,,,,13,8,190,102,4,,college_biometric_observations.xlsx,60 DAY
L001,P028,T14,R2,T14 A,60,,,,,,,,,19,10,195,122,3.4,,college_biometric_observations.xlsx,60 DAY
L001,P028,T14,R2,T14 A,60,,,,,,,,,18,10,207,127,3.4,,college_biometric_observations.xlsx,60 DAY
L001,P028,T14,R2,T14 A,60,,,,,,,,,17,10,189,113,3.9,,college_biometric_observations.xlsx,60 DAY
L001,P001,T1,R1,T1 A,70,,,,,,,,,13,10,182,118,3.6,,college_biometric_observations.xlsx,70 DAY
L001,P001,T1,R1,T1 A,70,,,,,,,,,12,10,165,108,3.5,,college_biometric_observations.xlsx,70 DAY
L001,P001,T1,R1,T1 A,70,,,,,,,,,9,10,196,114,3.6,,college_biometric_observations.xlsx,70 DAY
L001,P001,T1,R1,T1 A,70,,,,,,,,,14,10,189,119,3.4,,college_biometric_observations.xlsx,70 DAY
L001,P001,T1,R1,T1 A,70,,,,,,,,,9,10,192,99,4.1,,college_biometric_observations.xlsx,70 DAY
L001,P002,T2,R1,T2 A,70,,,,,,,,,11,10,193,111,3.5,,college_biometric_observations.xlsx,70 DAY
L001,P002,T2,R1,T2 A,70,,,,,,,,,19,10,206,108,3.2,,college_biometric_observations.xlsx,70 DAY
L001,P002,T2,R1,T2 A,70,,,,,,,,,20,9,211,121,4,,college_biometric_observations.xlsx,70 DAY
L001,P002,T2,R1,T2 A,70,,,,,,,,,21,10,218,125,3.7,,college_biometric_observations.xlsx,70 DAY
L001,P002,T2,R1,T2 A,70,,,,,,,,,22,10,202,108,3.4,,college_biometric_observations.xlsx,70 DAY
L001,P003,T3,R1,T3 A,70,,,,,,,,,15,10,216,119,3.9,,college_biometric_observations.xlsx,70 DAY
L001,P003,T3,R1,T3 A,70,,,,,,,,,18,11,205,129,4.3,,college_biometric_observations.xlsx,70 DAY
L001,P003,T3,R1,T3 A,70,,,,,,,,,16,10,209,128,3.9,,college_biometric_observations.xlsx,70 DAY
L001,P003,T3,R1,T3 A,70,,,,,,,,,18,10,211,114,3.5,,college_biometric_observations.xlsx,70 DAY
L001,P003,T3,R1,T3 A,70,,,,,,,,,17,11,197,112,3.4,,college_biometric_observations.xlsx,70 DAY
L001,P004,T4,R1,T4 A,70,,,,,,,,,9,7,162,107,3.7,,college_biometric_observations.xlsx,70 DAY
L001,P004,T4,R1,T4 A,70,,,,,,,,,13,9,188,110,4.2,,college_biometric_observations.xlsx,70 DAY
L001,P004,T4,R1,T4 A,70,,,,,,,,,9,10,202,117,4,,college_biometric_observations.xlsx,70 DAY
L001,P004,T4,R1,T4 A,70,,,,,,,,,11,9,196,128,3.9,,college_biometric_observations.xlsx,70 DAY
L001,P004,T4,R1,T4 A,70,,,,,,,,,10,9,192,130,3.8,,college_biometric_observations.xlsx,70 DAY
L001,P005,T5,R1,T5 A,70,,,,,,,,,17,8,156,102,3.8,,college_biometric_observations.xlsx,70 DAY
L001,P005,T5,R1,T5 A,70,,,,,,,,,19,9,195,112,4.1,,college_biometric_observations.xlsx,70 DAY
L001,P005,T5,R1,T5 A,70,,,,,,,,,17,8,167,119,4,,college_biometric_observations.xlsx,70 DAY
L001,P005,T5,R1,T5 A,70,,,,,,,,,18,7,223,123,4.3,,college_biometric_observations.xlsx,70 DAY
L001,P005,T5,R1,T5 A,70,,,,,,,,,13,10,203,104,4.2,,college_biometric_observations.xlsx,70 DAY
L001,P006,T6,R1,T6 A,70,,,,,,,,,13,9,189,104,3.7,,college_biometric_observations.xlsx,70 DAY
L001,P006,T6,R1,T6 A,70,,,,,,,,,16,8,206,101,3.3,,college_biometric_observations.xlsx,70 DAY
L001,P006,T6,R1,T6 A,70,,,,,,,,,16,9,196,130,4.3,,college_biometric_observations.xlsx,70 DAY
L001,P006,T6,R1,T6 A,70,,,,,,,,,15,9,177,112,3.4,,college_biometric_observations.xlsx,70 DAY
L001,P006,T6,R1,T6 A,70,,,,,,,,,13,10,161,109,2.9,,college_biometric_observations.xlsx,70 DAY
L001,P007,T7,R1,T7 A,70,,,,,,,,,19,8,176,106,3.9,,college_biometric_observations.xlsx,70 DAY
L001,P007,T7,R1,T7 A,70,,,,,,,,,16,9,198,109,3.7,,college_biometric_observations.xlsx,70 DAY
L001,P007,T7,R1,T7 A,70,,,,,,,,,18,9,189,116,3.8,,college_biometric_observations.xlsx,70 DAY
L001,P007,T7,R1,T7 A,70,,,,,,,,,15,10,221,124,4.1,,college_biometric_observations.xlsx,70 DAY
L001,P007,T7,R1,T7 A,70,,,,,,,,,19,9,199,128,4.5,,college_biometric_observations.xlsx,70 DAY
L001,P008,T8,R1,T8 A,70,,,,,,,,,17,9,231,141,3.8,,college_biometric_observations.xlsx,70 DAY
L001,P008,T8,R1,T8 A,70,,,,,,,,,18,10,235,138,3.9,,college_biometric_observations.xlsx,70 DAY
L001,P008,T8,R1,T8 A,70,,,,,,,,,19,9,192,115,4.2,,college_biometric_observations.xlsx,70 DAY
L001,P008,T8,R1,T8 A,70,,,,,,,,,15,9,197,124,3.9,,college_biometric_observations.xlsx,70 DAY
L001,P008,T8,R1,T8 A,70,,,,,,,,,11,10,195,132,3.8,,college_biometric_observations.xlsx,70 DAY
L001,P009,T9,R1,T9 A,70,,,,,,,,,17,9,225,131,3.7,,college_biometric_observations.xlsx,70 DAY
L001,P009,T9,R1,T9 A,70,,,,,,,,,15,8,209,135,3.5,,college_biometric_observations.xlsx,70 DAY
L001,P009,T9,R1,T9 A,70,,,,,,,,,21,8,206,114,3.8,,college_biometric_observations.xlsx,70 DAY
L001,P009,T9,R1,T9 A,70,,,,,,,,,13,9,266,129,3.8,,college_biometric_observations.xlsx,70 DAY
L001,P009,T9,R1,T9 A,70,,,,,,,,,20,10,230,120,3.6,,college_biometric_observations.xlsx,70 DAY
L001,P010,T10,R1,T10 A,70,,,,,,,,,18,9,221,130,3.9,,college_biometric_observations.xlsx,70 DAY
L001,P010,T10,R1,T10 A,70,,,,,,,,,19,10,220,135,4.1,,college_biometric_observations.xlsx,70 DAY
L001,P010,T10,R1,T10 A,70,,,,,,,,,14,9,209,138,4,,college_biometric_observations.xlsx,70 DAY
L001,P010,T10,R1,T10 A,70,,,,,,,,,11,10,225,140,4.1,,college_biometric_observations.xlsx,70 DAY
L001,P010,T10,R1,T10 A,70,,,,,,,,,20,9,205,139,3.9,,college_biometric_observations.xlsx,70 DAY
L001,P011,T11,R1,T11 A,70,,,,,,,,,19,8,196,132,4.1,,college_biometric_observations.xlsx,70 DAY
L001,P011,T11,R1,T11 A,70,,,,,,,,,18,9,189,129,4.2,,college_biometric_observations.xlsx,70 DAY
L001,P011,T11,R1,T11 A,70,,,,,,,,,14,9,221,125,3.4,,college_biometric_observations.xlsx,70 DAY
L001,P011,T11,R1,T11 A,70,,,,,,,,,14,10,226,121,3.8,,college_biometric_observations.xlsx,70 DAY
L001,P011,T11,R1,T11 A,70,,,,,,,,,17,9,224,146,4.1,,college_biometric_observations.xlsx,70 DAY
L001,P012,T12,R1,T12 A,70,,,,,,,,,17,10,193,126,3.6,,college_biometric_observations.xlsx,70 DAY
L001,P012,T12,R1,T12 A,70,,,,,,,,,18,9,198,130,3.8,,college_biometric_observations.xlsx,70 DAY
L001,P012,T12,R1,T12 A,70,,,,,,,,,14,9,206,122,4.1,,college_biometric_observations.xlsx,70 DAY
L001,P012,T12,R1,T12 A,70,,,,,,,,,10,10,208,119,3.9,,college_biometric_observations.xlsx,70 DAY
L001,P012,T12,R1,T12 A,70,,,,,,,,,11,9,178,111,3.6,,college_biometric_observations.xlsx,70 DAY
L001,P013,T13,R1,T13 A,70,,,,,,,,,15,9,201,126,4.1,,college_biometric_observations.xlsx,70 DAY
L001,P013,T13,R1,T13 A,70,,,,,,,,,23,9,189,129,3.6,,college_biometric_observations.xlsx,70 DAY
L001,P013,T13,R1,T13 A,70,,,,,,,,,11,10,192,128,3.8,,college_biometric_observations.xlsx,70 DAY
L001,P013,T13,R1,T13 A,70,,,,,,,,,15,7,178,130,3.7,,college_biometric_observations.xlsx,70 DAY
L001,P013,T13,R1,T13 A,70,,,,,,,,,18,11,180,132,3.8,,college_biometric_observations.xlsx,70 DAY
L001,P014,T14,R1,T14 A,70,,,,,,,,,17,11,229,127,4.1,,college_biometric_observations.xlsx,70 DAY
L001,P014,T14,R1,T14 A,70,,,,,,,,,20,11,223,123,3.8,,college_biometric_observations.xlsx,70 DAY
L001,P014,T14,R1,T14 A,70,,,,,,,,,19,9,201,129,3.7,,college_biometric_observations.xlsx,70 DAY
L001,P014,T14,R1,T14 A,70,,,,,,,,,13,10,209,132,3.9,,college_biometric_observations.xlsx,70 DAY
L001,P014,T14,R1,T14 A,70,,,,,,,,,15,10,199,111,4.1,,college_biometric_observations.xlsx,70 DAY
L001,P015,T1,R2,T1 A,70,,,,,,,,,10,10,195,122,3.6,,college_biometric_observations.xlsx,70 DAY
L001,P015,T1,R2,T1 A,70,,,,,,,,,9,10,191,118,3.9,,college_biometric_observations.xlsx,70 DAY
L001,P015,T1,R2,T1 A,70,,,,,,,,,11,9,187,125,3.5,,college_biometric_observations.xlsx,70 DAY
L001,P015,T1,R2,T1 A,70,,,,,,,,,13,10,175,113,3.3,,college_biometric_observations.xlsx,70 DAY
L001,P015,T1,R2,T1 A,70,,,,,,,,,8,9,164,101,3.4,,college_biometric_observations.xlsx,70 DAY
L001,P016,T2,R2,T2 A,70,,,,,,,,,19,10,208,116,3.7,,college_biometric_observations.xlsx,70 DAY
L001,P016,T2,R2,T2 A,70,,,,,,,,,15,10,211,121,3.8,,college_biometric_observations.xlsx,70 DAY
L001,P016,T2,R2,T2 A,70,,,,,,,,,14,9,187,116,3.9,,college_biometric_observations.xlsx,70 DAY
L001,P016,T2,R2,T2 A,70,,,,,,,,,20,10,171,102,3.9,,college_biometric_observations.xlsx,70 DAY
L001,P016,T2,R2,T2 A,70,,,,,,,,,9,9,181,107,2.7,,college_biometric_observations.xlsx,70 DAY
L001,P017,T3,R2,T3 A,70,,,,,,,,,14,11,215,132,4.1,,college_biometric_observations.xlsx,70 DAY
L001,P017,T3,R2,T3 A,70,,,,,,,,,13,11,287,116,4.1,,college_biometric_observations.xlsx,70 DAY
L001,P017,T3,R2,T3 A,70,,,,,,,,,11,10,214,131,4.4,,college_biometric_observations.xlsx,70 DAY
L001,P017,T3,R2,T3 A,70,,,,,,,,,17,11,217,116,4,,college_biometric_observations.xlsx,70 DAY
L001,P017,T3,R2,T3 A,70,,,,,,,,,21,10,213,121,3.7,,college_biometric_observations.xlsx,70 DAY
L001,P018,T4,R2,T4 A,70,,,,,,,,,9,7,197,118,3.9,,college_biometric_observations.xlsx,70 DAY
L001,P018,T4,R2,T4 A,70,,,,,,,,,11,8,126,94,3.7,,college_biometric_observations.xlsx,70 DAY
L001,P018,T4,R2,T4 A,70,,,,,,,,,10,9,158,105,3.5,,college_biometric_observations.xlsx,70 DAY
L001,P018,T4,R2,T4 A,70,,,,,,,,,13,10,230,130,3.9,,college_biometric_observations.xlsx,70 DAY
L001,P018,T4,R2,T4 A,70,,,,,,,,,14,11,190,120,3.6,,college_biometric_observations.xlsx,70 DAY
L001,P019,T5,R2,T5 A,70,,,,,,,,,14,9,222,140,3.9,,college_biometric_observations.xlsx,70 DAY
L001,P019,T5,R2,T5 A,70,,,,,,,,,12,10,210,152,4.2,,college_biometric_observations.xlsx,70 DAY
L001,P019,T5,R2,T5 A,70,,,,,,,,,13,9,199,142,4.1,,college_biometric_observations.xlsx,70 DAY
L001,P019,T5,R2,T5 A,70,,,,,,,,,15,9,208,139,3.7,,college_biometric_observations.xlsx,70 DAY
L001,P019,T5,R2,T5 A,70,,,,,,,,,16,10,130,127,3.7,,college_biometric_observations.xlsx,70 DAY
L001,P020,T6,R2,T6 A,70,,,,,,,,,9,9,190,139,3.7,,college_biometric_observations.xlsx,70 DAY
L001,P020,T6,R2,T6 A,70,,,,,,,,,14,10,202,127,3.6,,college_biometric_observations.xlsx,70 DAY
L001,P020,T6,R2,T6 A,70,,,,,,,,,14,9,196,132,3.8,,college_biometric_observations.xlsx,70 DAY
L001,P020,T6,R2,T6 A,70,,,,,,,,,13,10,209,140,3.9,,college_biometric_observations.xlsx,70 DAY
L001,P020,T6,R2,T6 A,70,,,,,,,,,15,10,205,136,3.9,,college_biometric_observations.xlsx,70 DAY
L001,P021,T7,R2,T7 A,70,,,,,,,,,13,9,195,156,3.8,,college_biometric_observations.xlsx,70 DAY
L001,P021,T7,R2,T7 A,70,,,,,,,,,11,10,203,150,3.4,,college_biometric_observations.xlsx,70 DAY
L001,P021,T7,R2,T7 A,70,,,,,,,,,9,11,199,149,4.1,,college_biometric_observations.xlsx,70 DAY
L001,P021,T7,R2,T7 A,70,,,,,,,,,14,10,215,135,4,,college_biometric_observations.xlsx,70 DAY
L001,P021,T7,R2,T7 A,70,,,,,,,,,15,9,200,129,3.9,,college_biometric_observations.xlsx,70 DAY
L001,P022,T8,R2,T8 A,70,,,,,,,,,11,11,182,117,3.7,,college_biometric_observations.xlsx,70 DAY
L001,P022,T8,R2,T8 A,70,,,,,,,,,14,9,195,106,3,,college_biometric_observations.xlsx,70 DAY
L001,P022,T8,R2,T8 A,70,,,,,,,,,16,10,184,113,3.2,,college_biometric_observations.xlsx,70 DAY
L001,P022,T8,R2,T8 A,70,,,,,,,,,15,10,189,107,3.5,,college_biometric_observations.xlsx,70 DAY
L001,P022,T8,R2,T8 A,70,,,,,,,,,18,10,186,105,2.9,,college_biometric_observations.xlsx,70 DAY
L001,P023,T9,R2,T9 A,70,,,,,,,,,15,9,214,128,3.8,,college_biometric_observations.xlsx,70 DAY
L001,P023,T9,R2,T9 A,70,,,,,,,,,16,9,291,110,3.2,,college_biometric_observations.xlsx,70 DAY
L001,P023,T9,R2,T9 A,70,,,,,,,,,18,10,203,118,3.5,,college_biometric_observations.xlsx,70 DAY
L001,P023,T9,R2,T9 A,70,,,,,,,,,17,10,204,105,3.4,,college_biometric_observations.xlsx,70 DAY
L001,P023,T9,R2,T9 A,70,,,,,,,,,14,10,198,119,3.4,,college_biometric_observations.xlsx,70 DAY
L001,P024,T10,R2,T10 A,70,,,,,,,,,13,10,195,105,3.6,,college_biometric_observations.xlsx,70 DAY
L001,P024,T10,R2,T10 A,70,,,,,,,,,16,9,184,113,3.2,,college_biometric_observations.xlsx,70 DAY
L001,P024,T10,R2,T10 A,70,,,,,,,,,12,10,182,107,3.6,,college_biometric_observations.xlsx,70 DAY
L001,P024,T10,R2,T10 A,70,,,,,,,,,13,10,175,119,3.8,,college_biometric_observations.xlsx,70 DAY
L001,P024,T10,R2,T10 A,70,,,,,,,,,12,10,189,109,4,,college_biometric_observations.xlsx,70 DAY
L001,P025,T11,R2,T11 A,70,,,,,,,,,15,10,192,99,3.1,,college_biometric_observations.xlsx,70 DAY
L001,P025,T11,R2,T11 A,70,,,,,,,,,18,10,201,118,3.5,,college_biometric_observations.xlsx,70 DAY
L001,P025,T11,R2,T11 A,70,,,,,,,,,14,9,195,111,3.4,,college_biometric_observations.xlsx,70 DAY
L001,P025,T11,R2,T11 A,70,,,,,,,,,14,10,198,113,3.7,,college_biometric_observations.xlsx,70 DAY
L001,P025,T11,R2,T11 A,70,,,,,,,,,9,9,189,115,4.3,,college_biometric_observations.xlsx,70 DAY
L001,P026,T12,R2,T12 A,70,,,,,,,,,17,9,192,126,3.9,,college_biometric_observations.xlsx,70 DAY
L001,P026,T12,R2,T12 A,70,,,,,,,,,19,8,226,132,3.7,,college_biometric_observations.xlsx,70 DAY
L001,P026,T12,R2,T12 A,70,,,,,,,,,11,10,156,128,4.1,,college_biometric_observations.xlsx,70 DAY
L001,P026,T12,R2,T12 A,70,,,,,,,,,13,10,195,112,4.3,,college_biometric_observations.xlsx,70 DAY
L001,P026,T12,R2,T12 A,70,,,,,,,,,18,11,223,119,4,,college_biometric_observations.xlsx,70 DAY
L001,P027,T13,R2,T13 A,70,,,,,,,,,21,9,232,130,3.6,,college_biometric_observations.xlsx,70 DAY
L001,P027,T13,R2,T13 A,70,,,,,,,,,18,10,203,139,3.8,,college_biometric_observations.xlsx,70 DAY
L001,P027,T13,R2,T13 A,70,,,,,,,,,12,8,187,135,4.1,,college_biometric_observations.xlsx,70 DAY
L001,P027,T13,R2,T13 A,70,,,,,,,,,14,9,196,140,3.8,,college_biometric_observations.xlsx,70 DAY
L001,P027,T13,R2,T13 A,70,,,,,,,,,20,9,191,122,4,,college_biometric_observations.xlsx,70 DAY
L001,P028,T14,R2,T14 A,70,,,,,,,,,17,10,228,119,3.9,,college_biometric_observations.xlsx,70 DAY
L001,P028,T14,R2,T14 A,70,,,,,,,,,19,10,216,126,3.9,,college_biometric_observations.xlsx,70 DAY
L001,P028,T14,R2,T14 A,70,,,,,,,,,22,11,214,127,3.7,,college_biometric_observations.xlsx,70 DAY
L001,P028,T14,R2,T14 A,70,,,,,,,,,17,10,209,117,3.8,,college_biometric_observations.xlsx,70 DAY
L001,P028,T14,R2,T14 A,70,,,,,,,,,15,11,230,131,3.7,,college_biometric_observations.xlsx,70 DAY
L001,P001,T1,R1,T1 A,80,,,,,2,10.1,,,7,10,135,121,3.5,,college_biometric_observations.xlsx,80 DAY
L001,P001,T1,R1,T1 A,80,,,,,1,9.6,,,14,9,127,127,4.3,,college_biometric_observations.xlsx,80 DAY
L001,P001,T1,R1,T1 A,80,,,,,2,11.8,,,17,8,132,117,3.9,,college_biometric_observations.xlsx,80 DAY
L001,P001,T1,R1,T1 A,80,,,,,3,15.2,,,11,9,122,132,2.9,,college_biometric_observations.xlsx,80 DAY
L001,P001,T1,R1,T1 A,80,,,,,3,12.3,,,9,7,131,129,3.7,,college_biometric_observations.xlsx,80 DAY
L001,P002,T2,R1,T2 A,80,,,,,4,14,,,11,9,207,151,4.7,,college_biometric_observations.xlsx,80 DAY
L001,P002,T2,R1,T2 A,80,,,,,3,11.2,,,19,9,251,140,3.2,,college_biometric_observations.xlsx,80 DAY
L001,P002,T2,R1,T2 A,80,,,,,3,14.5,,,21,10,219,122,3.8,,college_biometric_observations.xlsx,80 DAY
L001,P002,T2,R1,T2 A,80,,,,,2,13,,,14,9,226,134,4.3,,college_biometric_observations.xlsx,80 DAY
L001,P002,T2,R1,T2 A,80,,,,,1,19,,,12,9,241,129,4.1,,college_biometric_observations.xlsx,80 DAY
L001,P003,T3,R1,T3 A,80,,,,,4,14,,,16,9,225,135,3.7,,college_biometric_observations.xlsx,80 DAY
L001,P003,T3,R1,T3 A,80,,,,,2,12.1,,,19,10,247,121,3.2,,college_biometric_observations.xlsx,80 DAY
L001,P003,T3,R1,T3 A,80,,,,,3,10.7,,,11,9,251,127,4.3,,college_biometric_observations.xlsx,80 DAY
L001,P003,T3,R1,T3 A,80,,,,,2,12,,,14,9,233,136,3.9,,college_biometric_observations.xlsx,80 DAY
L001,P003,T3,R1,T3 A,80,,,,,3,17.1,,,12,10,229,117,3.5,,college_biometric_observations.xlsx,80 DAY
L001,P004,T4,R1,T4 A,80,,,,,4,10,,,17,9,211,129,3.7,,college_biometric_observations.xlsx,80 DAY
L001,P004,T4,R1,T4 A,80,,,,,3,19,,,19,10,229,136,3.4,,college_biometric_observations.xlsx,80 DAY
L001,P004,T4,R1,T4 A,80,,,,,2,17,,,14,10,257,142,3.9,,college_biometric_observations.xlsx,80 DAY
L001,P004,T4,R1,T4 A,80,,,,,2,12.6,,,17,10,247,140,4.3,,college_biometric_observations.xlsx,80 DAY
L001,P004,T4,R1,T4 A,80,,,,,3,14.7,,,12,9,231,120,4.1,,college_biometric_observations.xlsx,80 DAY
L001,P005,T5,R1,T5 A,80,,,,,2,13.5,,,17,9,244,142,3.4,,college_biometric_observations.xlsx,80 DAY
L001,P005,T5,R1,T5 A,80,,,,,3,12.2,,,15,10,253,147,4.3,,college_biometric_observations.xlsx,80 DAY
L001,P005,T5,R1,T5 A,80,,,,,4,14,,,19,11,229,131,3.9,,college_biometric_observations.xlsx,80 DAY
L001,P005,T5,R1,T5 A,80,,,,,2,10,,,14,10,232,135,3.2,,college_biometric_observations.xlsx,80 DAY
L001,P005,T5,R1,T5 A,80,,,,,3,11,,,16,10,249,130,3.7,,college_biometric_observations.xlsx,80 DAY
L001,P006,T6,R1,T6 A,80,,,,,3,17.2,,,12,8,238,124,3.2,,college_biometric_observations.xlsx,80 DAY
L001,P006,T6,R1,T6 A,80,,,,,2,11.6,,,17,9,229,132,4.7,,college_biometric_observations.xlsx,80 DAY
L001,P006,T6,R1,T6 A,80,,,,,2,13,,,14,11,217,139,4.1,,college_biometric_observations.xlsx,80 DAY
L001,P006,T6,R1,T6 A,80,,,,,4,14.3,,,19,10,235,127,3.8,,college_biometric_observations.xlsx,80 DAY
L001,P006,T6,R1,T6 A,80,,,,,2,15.1,,,13,10,241,141,3.5,,college_biometric_observations.xlsx,80 DAY
L001,P007,T7,R1,T7 A,80,,,,,2,11,,,13,9,261,125,3.7,,college_biometric_observations.xlsx,80 DAY
L001,P007,T7,R1,T7 A,80,,,,,4,15,,,16,10,232,131,4.7,,college_biometric_observations.xlsx,80 DAY
L001,P007,T7,R1,T7 A,80,,,,,2,14.3,,,12,9,251,122,4.2,,college_biometric_observations.xlsx,80 DAY
L001,P007,T7,R1,T7 A,80,,,,,3,17,,,10,9,243,119,3.9,,college_biometric_observations.xlsx,80 DAY
L001,P007,T7,R1,T7 A,80,,,,,2,13.6,,,17,10,220,127,3.8,,college_biometric_observations.xlsx,80 DAY
L001,P008,T8,R1,T8 A,80,,,,,3,11.7,,,17,9,290,126,4.2,,college_biometric_observations.xlsx,80 DAY
L001,P008,T8,R1,T8 A,80,,,,,3,15,,,9,10,286,142,3.7,,college_biometric_observations.xlsx,80 DAY
L001,P008,T8,R1,T8 A,80,,,,,2,14.3,,,14,10,261,129,3.2,,college_biometric_observations.xlsx,80 DAY
L001,P008,T8,R1,T8 A,80,,,,,4,17.9,,,18,9,239,113,4.1,,college_biometric_observations.xlsx,80 DAY
L001,P008,T8,R1,T8 A,80,,,,,3,14,,,12,9,251,137,3.6,,college_biometric_observations.xlsx,80 DAY
L001,P009,T9,R1,T9 A,80,,,,,4,10.7,,,17,9,239,126,3.7,,college_biometric_observations.xlsx,80 DAY
L001,P009,T9,R1,T9 A,80,,,,,2,14.6,,,16,9,245,131,4.3,,college_biometric_observations.xlsx,80 DAY
L001,P009,T9,R1,T9 A,80,,,,,1,19,,,11,10,218,122,4,,college_biometric_observations.xlsx,80 DAY
L001,P009,T9,R1,T9 A,80,,,,,3,21,,,9,9,232,117,3.9,,college_biometric_observations.xlsx,80 DAY
L001,P009,T9,R1,T9 A,80,,,,,3,11.1,,,14,9,241,142,3.2,,college_biometric_observations.xlsx,80 DAY
L001,P010,T10,R1,T10 A,80,,,,,2,10.2,,,11,10,276,142,3.7,,college_biometric_observations.xlsx,80 DAY
L001,P010,T10,R1,T10 A,80,,,,,3,17.6,,,19,9,269,136,3.9,,college_biometric_observations.xlsx,80 DAY
L001,P010,T10,R1,T10 A,80,,,,,1,15.1,,,21,8,233,132,4.3,,college_biometric_observations.xlsx,80 DAY
L001,P010,T10,R1,T10 A,80,,,,,4,19.2,,,10,9,245,137,4,,college_biometric_observations.xlsx,80 DAY
L001,P010,T10,R1,T10 A,80,,,,,4,11.7,,,8,9,260,123,3.5,,college_biometric_observations.xlsx,80 DAY
L001,P011,T11,R1,T11 A,80,,,,,1,17.6,,,13,9,263,137,4.1,,college_biometric_observations.xlsx,80 DAY
L001,P011,T11,R1,T11 A,80,,,,,4,14.3,,,19,10,256,131,3.9,,college_biometric_observations.xlsx,80 DAY
L001,P011,T11,R1,T11 A,80,,,,,3,11.9,,,21,9,250,143,3.2,,college_biometric_observations.xlsx,80 DAY
L001,P011,T11,R1,T11 A,80,,,,,2,17.1,,,11,9,219,116,2.9,,college_biometric_observations.xlsx,80 DAY
L001,P011,T11,R1,T11 A,80,,,,,2,10.3,,,16,10,242,126,3.5,,college_biometric_observations.xlsx,80 DAY
L001,P012,T12,R1,T12 A,80,,,,,2,11,,,9,9,255,144,3.9,,college_biometric_observations.xlsx,80 DAY
L001,P012,T12,R1,T12 A,80,,,,,2,14.3,,,12,9,243,121,4.2,,college_biometric_observations.xlsx,80 DAY
L001,P012,T12,R1,T12 A,80,,,,,3,17,,,18,10,237,137,3.2,,college_biometric_observations.xlsx,80 DAY
L001,P012,T12,R1,T12 A,80,,,,,3,15.4,,,14,8,249,129,4.1,,college_biometric_observations.xlsx,80 DAY
L001,P012,T12,R1,T12 A,80,,,,,3,12.1,,,16,11,252,125,3.8,,college_biometric_observations.xlsx,80 DAY
L001,P013,T13,R1,T13 A,80,,,,,3,14.2,,,14,9,267,136,3.2,,college_biometric_observations.xlsx,80 DAY
L001,P013,T13,R1,T13 A,80,,,,,3,17,,,13,10,249,117,4.2,,college_biometric_observations.xlsx,80 DAY
L001,P013,T13,R1,T13 A,80,,,,,2,15.1,,,11,9,256,121,3.5,,college_biometric_observations.xlsx,80 DAY
L001,P013,T13,R1,T13 A,80,,,,,3,12,,,19,9,237,126,3.7,,college_biometric_observations.xlsx,80 DAY
L001,P013,T13,R1,T13 A,80,,,,,2,10.6,,,15,9,212,131,4,,college_biometric_observations.xlsx,80 DAY
L001,P014,T14,R1,T14 A,80,,,,,4,15.7,,,21,9,289,132,3.5,,college_biometric_observations.xlsx,80 DAY
L001,P014,T14,R1,T14 A,80,,,,,3,17.2,,,11,9,262,149,3.2,,college_biometric_observations.xlsx,80 DAY
L001,P014,T14,R1,T14 A,80,,,,,3,13.1,,,17,9,269,127,3.9,,college_biometric_observations.xlsx,80 DAY
L001,P014,T14,R1,T14 A,80,,,,,2,19.6,,,14,10,253,133,4.7,,college_biometric_observations.xlsx,80 DAY
L001,P014,T14,R1,T14 A,80,,,,,2,14.3,,,12,9,237,140,4,,college_biometric_observations.xlsx,80 DAY
L001,P015,T1,R2,T1 A,80,,,,,2,10.1,,,7,9,216,117,3.5,,college_biometric_observations.xlsx,80 DAY
L001,P015,T1,R2,T1 A,80,,,,,1,9.6,,,14,10,211,123,4,,college_biometric_observations.xlsx,80 DAY
L001,P015,T1,R2,T1 A,80,,,,,2,11.8,,,17,9,227,127,3.7,,college_biometric_observations.xlsx,80 DAY
L001,P015,T1,R2,T1 A,80,,,,,3,15.2,,,11,9,232,114,3.2,,college_biometric_observations.xlsx,80 DAY
L001,P015,T1,R2,T1 A,80,,,,,3,12.3,,,9,8,221,125,3.9,,college_biometric_observations.xlsx,80 DAY
L001,P016,T2,R2,T2 A,80,,,,,4,14,,,11,9,243,131,3.9,,college_biometric_observations.xlsx,80 DAY
L001,P016,T2,R2,T2 A,80,,,,,3,11.2,,,19,10,197,117,4.3,,college_biometric_observations.xlsx,80 DAY
L001,P016,T2,R2,T2 A,80,,,,,3,14.5,,,21,9,203,122,4.4,,college_biometric_observations.xlsx,80 DAY
L001,P016,T2,R2,T2 A,80,,,,,2,13,,,14,9,222,134,4,,college_biometric_observations.xlsx,80 DAY
L001,P016,T2,R2,T2 A,80,,,,,1,19,,,12,8,239,119,3.5,,college_biometric_observations.xlsx,80 DAY
L001,P017,T3,R2,T3 A,80,,,,,4,14,,,14,10,258,122,3.7,,college_biometric_observations.xlsx,80 DAY
L001,P017,T3,R2,T3 A,80,,,,,2,12.1,,,17,9,229,131,3.2,,college_biometric_observations.xlsx,80 DAY
L001,P017,T3,R2,T3 A,80,,,,,3,10.7,,,16,9,243,134,4,,college_biometric_observations.xlsx,80 DAY
L001,P017,T3,R2,T3 A,80,,,,,2,12,,,11,9,235,129,3.5,,college_biometric_observations.xlsx,80 DAY
L001,P017,T3,R2,T3 A,80,,,,,3,17.1,,,12,9,237,119,4.2,,college_biometric_observations.xlsx,80 DAY
L001,P018,T4,R2,T4 A,80,,,,,4,14,,,11,9,241,123,3.9,,college_biometric_observations.xlsx,80 DAY
L001,P018,T4,R2,T4 A,80,,,,,2,10.6,,,17,10,237,131,4.2,,college_biometric_observations.xlsx,80 DAY
L001,P018,T4,R2,T4 A,80,,,,,2,9.2,,,12,9,229,126,4,,college_biometric_observations.xlsx,80 DAY
L001,P018,T4,R2,T4 A,80,,,,,2,11.9,,,8,9,246,117,3.5,,college_biometric_observations.xlsx,80 DAY
L001,P018,T4,R2,T4 A,80,,,,,1,15.7,,,14,9,233,125,3.2,,college_biometric_observations.xlsx,80 DAY
L001,P019,T5,R2,T5 A,80,,,,,2,9.9,,,14,11,236,137,4.2,,college_biometric_observations.xlsx,80 DAY
L001,P019,T5,R2,T5 A,80,,,,,3,17.6,,,9,9,243,122,4,,college_biometric_observations.xlsx,80 DAY
L001,P019,T5,R2,T5 A,80,,,,,3,13.2,,,17,9,219,126,3.9,,college_biometric_observations.xlsx,80 DAY
L001,P019,T5,R2,T5 A,80,,,,,4,15.3,,,12,10,247,116,3.5,,college_biometric_observations.xlsx,80 DAY
L001,P019,T5,R2,T5 A,80,,,,,2,10,,,18,9,235,131,4.3,,college_biometric_observations.xlsx,80 DAY
L001,P020,T6,R2,T6 A,80,,,,,4,15.1,,,15,9,253,137,3.7,,college_biometric_observations.xlsx,80 DAY
L001,P020,T6,R2,T6 A,80,,,,,5,13,,,19,9,237,141,4.3,,college_biometric_observations.xlsx,80 DAY
L001,P020,T6,R2,T6 A,80,,,,,3,11.6,,,14,8,218,116,4,,college_biometric_observations.xlsx,80 DAY
L001,P020,T6,R2,T6 A,80,,,,,2,9.3,,,11,10,231,122,3.2,,college_biometric_observations.xlsx,80 DAY
L001,P020,T6,R2,T6 A,80,,,,,2,17.9,,,16,9,244,127,3.9,,college_biometric_observations.xlsx,80 DAY
L001,P021,T7,R2,T7 A,80,,,,,2,17.1,,,14,8,259,133,3.7,,college_biometric_observations.xlsx,80 DAY
L001,P021,T7,R2,T7 A,80,,,,,1,14.3,,,15,9,266,114,3.9,,college_biometric_observations.xlsx,80 DAY
L001,P021,T7,R2,T7 A,80,,,,,3,11.2,,,15,9,245,129,4.1,,college_biometric_observations.xlsx,80 DAY
L001,P021,T7,R2,T7 A,80,,,,,2,9.6,,,11,10,239,125,3,,college_biometric_observations.xlsx,80 DAY
L001,P021,T7,R2,T7 A,80,,,,,3,12.2,,,17,9,252,137,3.5,,college_biometric_observations.xlsx,80 DAY
L001,P022,T8,R2,T8 A,80,,,,,4,8.6,,,11,9,192,122,4.4,,college_biometric_observations.xlsx,80 DAY
L001,P022,T8,R2,T8 A,80,,,,,3,11.9,,,14,9,232,134,3.7,,college_biometric_observations.xlsx,80 DAY
L001,P022,T8,R2,T8 A,80,,,,,3,17.2,,,12,8,217,129,4.2,,college_biometric_observations.xlsx,80 DAY
L001,P022,T8,R2,T8 A,80,,,,,3,13.6,,,9,9,226,137,4.5,,college_biometric_observations.xlsx,80 DAY
L001,P022,T8,R2,T8 A,80,,,,,2,14.1,,,16,9,205,121,3.5,,college_biometric_observations.xlsx,80 DAY
L001,P023,T9,R2,T9 A,80,,,,,3,12.1,,,12,10,205,125,4.1,,college_biometric_observations.xlsx,80 DAY
L001,P023,T9,R2,T9 A,80,,,,,2,10.6,,,17,9,237,132,3.7,,college_biometric_observations.xlsx,80 DAY
L001,P023,T9,R2,T9 A,80,,,,,2,8.2,,,15,10,241,117,3.5,,college_biometric_observations.xlsx,80 DAY
L001,P023,T9,R2,T9 A,80,,,,,3,6.5,,,11,9,212,122,3.9,,college_biometric_observations.xlsx,80 DAY
L001,P023,T9,R2,T9 A,80,,,,,2,13.9,,,9,9,199,125,4.3,,college_biometric_observations.xlsx,80 DAY
L001,P024,T10,R2,T10 A,80,,,,,4,9.9,,,17,9,238,125,4.6,,college_biometric_observations.xlsx,80 DAY
L001,P024,T10,R2,T10 A,80,,,,,2,13.2,,,15,8,242,127,3.1,,college_biometric_observations.xlsx,80 DAY
L001,P024,T10,R2,T10 A,80,,,,,2,8.6,,,14,9,229,117,4.2,,college_biometric_observations.xlsx,80 DAY
L001,P024,T10,R2,T10 A,80,,,,,3,14.2,,,9,9,235,132,3.7,,college_biometric_observations.xlsx,80 DAY
L001,P024,T10,R2,T10 A,80,,,,,2,9.2,,,11,9,246,121,3.4,,college_biometric_observations.xlsx,80 DAY
L001,P025,T11,R2,T11 A,80,,,,,2,10.6,,,9,9,219,133,4.2,,college_biometric_observations.xlsx,80 DAY
L001,P025,T11,R2,T11 A,80,,,,,2,17.1,,,14,9,254,127,4.4,,college_biometric_observations.xlsx,80 DAY
L001,P025,T11,R2,T11 A,80,,,,,1,12.2,,,11,8,227,131,4,,college_biometric_observations.xlsx,80 DAY
L001,P025,T11,R2,T11 A,80,,,,,1,11,,,16,9,245,123,3.2,,college_biometric_observations.xlsx,80 DAY
L001,P025,T11,R2,T11 A,80,,,,,4,9.9,,,12,9,231,129,3.7,,college_biometric_observations.xlsx,80 DAY
L001,P026,T12,R2,T12 A,80,,,,,3,12,,,17,9,243,126,4.4,,college_biometric_observations.xlsx,80 DAY
L001,P026,T12,R2,T12 A,80,,,,,3,13.2,,,9,9,232,133,3.6,,college_biometric_observations.xlsx,80 DAY
L001,P026,T12,R2,T12 A,80,,,,,4,10.7,,,14,10,239,129,3.9,,college_biometric_observations.xlsx,80 DAY
L001,P026,T12,R2,T12 A,80,,,,,2,14.6,,,19,10,247,137,3.5,,college_biometric_observations.xlsx,80 DAY
L001,P026,T12,R2,T12 A,80,,,,,1,12.1,,,12,9,228,121,4.1,,college_biometric_observations.xlsx,80 DAY
L001,P027,T13,R2,T13 A,80,,,,,4,15.6,,,17,9,242,133,3.7,,college_biometric_observations.xlsx,80 DAY
L001,P027,T13,R2,T13 A,80,,,,,3,14,,,11,10,251,127,4.3,,college_biometric_observations.xlsx,80 DAY
L001,P027,T13,R2,T13 A,80,,,,,2,13.3,,,9,9,233,119,3.9,,college_biometric_observations.xlsx,80 DAY
L001,P027,T13,R2,T13 A,80,,,,,2,15.6,,,14,9,246,134,3.5,,college_biometric_observations.xlsx,80 DAY
L001,P027,T13,R2,T13 A,80,,,,,3,12,,,19,9,229,122,3.9,,college_biometric_observations.xlsx,80 DAY
L001,P028,T14,R2,T14 A,80,,,,,3,11.5,,,21,9,263,124,3.9,,college_biometric_observations.xlsx,80 DAY
L001,P028,T14,R2,T14 A,80,,,,,3,17.2,,,12,10,257,137,4.2,,college_biometric_observations.xlsx,80 DAY
L001,P028,T14,R2,T14 A,80,,,,,4,21.2,,,17,9,239,119,4.7,,college_biometric_observations.xlsx,80 DAY
L001,P028,T14,R2,T14 A,80,,,,,2,12.4,,,14,9,251,141,3.5,,college_biometric_observations.xlsx,80 DAY
L001,P028,T14,R2,T14 A,80,,,,,1,14,,,15,9,245,135,4,,college_biometric_observations.xlsx,80 DAY
L001,P001,T1,R1,T1 A,90,,,,,6,14,,,8,7,216,118,3.5,,college_biometric_observations.xlsx,90 DAY
L001,P001,T1,R1,T1 A,90,,,,,4,13.7,,,8,8,256,102,3,,college_biometric_observations.xlsx,90 DAY
L001,P001,T1,R1,T1 A,90,,,,,3,14,,,9,9,235,122,4,,college_biometric_observations.xlsx,90 DAY
L001,P001,T1,R1,T1 A,90,,,,,2,10,,,11,10,240,124,3.5,,college_biometric_observations.xlsx,90 DAY
L001,P001,T1,R1,T1 A,90,,,,,3,15,,,7,8,216,130,4,,college_biometric_observations.xlsx,90 DAY
L001,P002,T2,R1,T2 A,90,,,,,4,17,,,14,9,253,132,3.7,,college_biometric_observations.xlsx,90 DAY
L001,P002,T2,R1,T2 A,90,,,,,3,15,,,12,10,244,126,4.3,,college_biometric_observations.xlsx,90 DAY
L001,P002,T2,R1,T2 A,90,,,,,3,14.5,,,15,9,259,129,3.2,,college_biometric_observations.xlsx,90 DAY
L001,P002,T2,R1,T2 A,90,,,,,4,15,,,13,9,267,137,3.9,,college_biometric_observations.xlsx,90 DAY
L001,P002,T2,R1,T2 A,90,,,,,4,13,,,12,11,253,119,3.3,,college_biometric_observations.xlsx,90 DAY
L001,P003,T3,R1,T3 A,90,,,,,4,15.2,,,18,8,249,138,3.8,,college_biometric_observations.xlsx,90 DAY
L001,P003,T3,R1,T3 A,90,,,,,3,16.5,,,21,10,228,135,3.4,,college_biometric_observations.xlsx,90 DAY
L001,P003,T3,R1,T3 A,90,,,,,3,10,,,10,10,243,140,3.6,,college_biometric_observations.xlsx,90 DAY
L001,P003,T3,R1,T3 A,90,,,,,2,15.3,,,13,9,267,130,4.1,,college_biometric_observations.xlsx,90 DAY
L001,P003,T3,R1,T3 A,90,,,,,3,16,,,15,9,262,137,3.5,,college_biometric_observations.xlsx,90 DAY
L001,P004,T4,R1,T4 A,90,,,,,4,10.2,,,14,9,272,132,3.7,,college_biometric_observations.xlsx,90 DAY
L001,P004,T4,R1,T4 A,90,,,,,3,10.4,,,15,9,224,126,4.1,,college_biometric_observations.xlsx,90 DAY
L001,P004,T4,R1,T4 A,90,,,,,4,10.4,,,13,10,256,123,3.5,,college_biometric_observations.xlsx,90 DAY
L001,P004,T4,R1,T4 A,90,,,,,2,10.6,,,13,11,245,131,3.9,,college_biometric_observations.xlsx,90 DAY
L001,P004,T4,R1,T4 A,90,,,,,3,15.7,,,15,9,257,125,3.2,,college_biometric_observations.xlsx,90 DAY
L001,P005,T5,R1,T5 A,90,,,,,4,13.7,,,11,10,239,126,3.8,,college_biometric_observations.xlsx,90 DAY
L001,P005,T5,R1,T5 A,90,,,,,3,14.1,,,14,11,261,127,3.4,,college_biometric_observations.xlsx,90 DAY
L001,P005,T5,R1,T5 A,90,,,,,2,12.8,,,21,9,256,126,3.6,,college_biometric_observations.xlsx,90 DAY
L001,P005,T5,R1,T5 A,90,,,,,3,12.3,,,19,10,246,134,4.1,,college_biometric_observations.xlsx,90 DAY
L001,P005,T5,R1,T5 A,90,,,,,1,9.7,,,12,9,218,119,3.8,,college_biometric_observations.xlsx,90 DAY
L001,P006,T6,R1,T6 A,90,,,,,3,16.5,,,14,9,231,127,3.7,,college_biometric_observations.xlsx,90 DAY
L001,P006,T6,R1,T6 A,90,,,,,4,18,,,11,10,267,129,4.6,,college_biometric_observations.xlsx,90 DAY
L001,P006,T6,R1,T6 A,90,,,,,3,13,,,12,9,253,132,3.3,,college_biometric_observations.xlsx,90 DAY
L001,P006,T6,R1,T6 A,90,,,,,4,15,,,8,9,245,119,3.9,,college_biometric_observations.xlsx,90 DAY
L001,P006,T6,R1,T6 A,90,,,,,4,14,,,13,11,251,121,4.1,,college_biometric_observations.xlsx,90 DAY
L001,P007,T7,R1,T7 A,90,,,,,4,12.5,,,9,9,237,128,4.1,,college_biometric_observations.xlsx,90 DAY
L001,P007,T7,R1,T7 A,90,,,,,3,10.7,,,16,10,266,121,3.8,,college_biometric_observations.xlsx,90 DAY
L001,P007,T7,R1,T7 A,90,,,,,4,12.3,,,12,10,258,111,3.4,,college_biometric_observations.xlsx,90 DAY
L001,P007,T7,R1,T7 A,90,,,,,2,17.1,,,11,11,241,131,3.7,,college_biometric_observations.xlsx,90 DAY
L001,P007,T7,R1,T7 A,90,,,,,2,14.2,,,14,10,251,137,3.9,,college_biometric_observations.xlsx,90 DAY
L001,P008,T8,R1,T8 A,90,,,,,3,10.7,,,15,8,275,127,3.8,,college_biometric_observations.xlsx,90 DAY
L001,P008,T8,R1,T8 A,90,,,,,3,10.4,,,10,9,263,135,4.1,,college_biometric_observations.xlsx,90 DAY
L001,P008,T8,R1,T8 A,90,,,,,2,13,,,7,9,256,126,3.6,,college_biometric_observations.xlsx,90 DAY
L001,P008,T8,R1,T8 A,90,,,,,4,13,,,9,10,261,110,3.2,,college_biometric_observations.xlsx,90 DAY
L001,P008,T8,R1,T8 A,90,,,,,4,14,,,9,9,245,115,3.5,,college_biometric_observations.xlsx,90 DAY
L001,P009,T9,R1,T9 A,90,,,,,4,13,,,13,9,242,135,3.7,,college_biometric_observations.xlsx,90 DAY
L001,P009,T9,R1,T9 A,90,,,,,3,13,,,11,10,273,122,4.2,,college_biometric_observations.xlsx,90 DAY
L001,P009,T9,R1,T9 A,90,,,,,4,12.5,,,10,11,259,139,4.1,,college_biometric_observations.xlsx,90 DAY
L001,P009,T9,R1,T9 A,90,,,,,2,12,,,11,9,248,126,3.5,,college_biometric_observations.xlsx,90 DAY
L001,P009,T9,R1,T9 A,90,,,,,3,14,,,14,11,256,117,3.8,,college_biometric_observations.xlsx,90 DAY
L001,P010,T10,R1,T10 A,90,,,,,3,15,,,10,11,259,123,3.5,,college_biometric_observations.xlsx,90 DAY
L001,P010,T10,R1,T10 A,90,,,,,3,16,,,11,9,267,137,4.2,,college_biometric_observations.xlsx,90 DAY
L001,P010,T10,R1,T10 A,90,,,,,2,6,,,9,9,252,125,3.6,,college_biometric_observations.xlsx,90 DAY
L001,P010,T10,R1,T10 A,90,,,,,4,5,,,14,10,265,130,3.8,,college_biometric_observations.xlsx,90 DAY
L001,P010,T10,R1,T10 A,90,,,,,2,15,,,15,9,271,128,4,,college_biometric_observations.xlsx,90 DAY
L001,P011,T11,R1,T11 A,90,,,,,2,12.5,,,16,9,256,143,3.8,,college_biometric_observations.xlsx,90 DAY
L001,P011,T11,R1,T11 A,90,,,,,3,14,,,11,10,272,138,4.1,,college_biometric_observations.xlsx,90 DAY
L001,P011,T11,R1,T11 A,90,,,,,3,13.5,,,14,10,263,117,3.6,,college_biometric_observations.xlsx,90 DAY
L001,P011,T11,R1,T11 A,90,,,,,4,12,,,12,9,249,126,4.3,,college_biometric_observations.xlsx,90 DAY
L001,P011,T11,R1,T11 A,90,,,,,3,13,,,14,11,251,131,3.5,,college_biometric_observations.xlsx,90 DAY
L001,P012,T12,R1,T12 A,90,,,,,3,15,,,11,9,239,114,3.9,,college_biometric_observations.xlsx,90 DAY
L001,P012,T12,R1,T12 A,90,,,,,2,15.4,,,12,9,252,131,3.5,,college_biometric_observations.xlsx,90 DAY
L001,P012,T12,R1,T12 A,90,,,,,3,14.7,,,11,10,257,127,3.7,,college_biometric_observations.xlsx,90 DAY
L001,P012,T12,R1,T12 A,90,,,,,3,13,,,6,9,252,134,4.4,,college_biometric_observations.xlsx,90 DAY
L001,P012,T12,R1,T12 A,90,,,,,2,12.5,,,7,9,239,129,4.3,,college_biometric_observations.xlsx,90 DAY
L001,P013,T13,R1,T13 A,90,,,,,4,15,,,8,10,269,134,3.8,,college_biometric_observations.xlsx,90 DAY
L001,P013,T13,R1,T13 A,90,,,,,3,12,,,9,11,252,116,3.5,,college_biometric_observations.xlsx,90 DAY
L001,P013,T13,R1,T13 A,90,,,,,3,12.5,,,11,9,247,119,4.2,,college_biometric_observations.xlsx,90 DAY
L001,P013,T13,R1,T13 A,90,,,,,2,14,,,10,10,261,135,4.1,,college_biometric_observations.xlsx,90 DAY
L001,P013,T13,R1,T13 A,90,,,,,3,13,,,13,10,241,125,4,,college_biometric_observations.xlsx,90 DAY
L001,P014,T14,R1,T14 A,90,,,,,4,15,,,13,10,283,122,3.5,,college_biometric_observations.xlsx,90 DAY
L001,P014,T14,R1,T14 A,90,,,,,3,16.3,,,12,9,279,136,4.1,,college_biometric_observations.xlsx,90 DAY
L001,P014,T14,R1,T14 A,90,,,,,2,18.1,,,12,10,265,118,3.8,,college_biometric_observations.xlsx,90 DAY
L001,P014,T14,R1,T14 A,90,,,,,3,15.7,,,10,11,274,121,3.6,,college_biometric_observations.xlsx,90 DAY
L001,P014,T14,R1,T14 A,90,,,,,5,14,,,15,9,255,127,3.8,,college_biometric_observations.xlsx,90 DAY
L001,P015,T1,R2,T1 A,90,,,,,3,13,,,11,9,235,132,3.7,,college_biometric_observations.xlsx,90 DAY
L001,P015,T1,R2,T1 A,90,,,,,4,12,,,7,10,252,127,3.8,,college_biometric_observations.xlsx,90 DAY
L001,P015,T1,R2,T1 A,90,,,,,2,10.3,,,5,10,243,135,4,,college_biometric_observations.xlsx,90 DAY
L001,P015,T1,R2,T1 A,90,,,,,2,7.2,,,9,9,219,121,4.2,,college_biometric_observations.xlsx,90 DAY
L001,P015,T1,R2,T1 A,90,,,,,1,12,,,8,9,228,117,3.5,,college_biometric_observations.xlsx,90 DAY
L001,P016,T2,R2,T2 A,90,,,,,4,14,,,14,9,234,131,3.5,,college_biometric_observations.xlsx,90 DAY
L001,P016,T2,R2,T2 A,90,,,,,5,11.5,,,10,9,239,109,3.7,,college_biometric_observations.xlsx,90 DAY
L001,P016,T2,R2,T2 A,90,,,,,3,13.1,,,7,10,247,125,4,,college_biometric_observations.xlsx,90 DAY
L001,P016,T2,R2,T2 A,90,,,,,2,12.6,,,11,9,265,122,3.8,,college_biometric_observations.xlsx,90 DAY
L001,P016,T2,R2,T2 A,90,,,,,3,10.3,,,16,11,239,127,3.9,,college_biometric_observations.xlsx,90 DAY
L001,P017,T3,R2,T3 A,90,,,,,4,13,,,10,10,217,107,3.5,,college_biometric_observations.xlsx,90 DAY
L001,P017,T3,R2,T3 A,90,,,,,6,14,,,6,9,232,120,3.5,,college_biometric_observations.xlsx,90 DAY
L001,P017,T3,R2,T3 A,90,,,,,2,12.5,,,12,11,226,127,3,,college_biometric_observations.xlsx,90 DAY
L001,P017,T3,R2,T3 A,90,,,,,3,13.7,,,11,9,237,139,3.7,,college_biometric_observations.xlsx,90 DAY
L001,P017,T3,R2,T3 A,90,,,,,4,12.1,,,8,9,242,142,3.9,,college_biometric_observations.xlsx,90 DAY
L001,P018,T4,R2,T4 A,90,,,,,3,16,,,10,8,217,112,4,,college_biometric_observations.xlsx,90 DAY
L001,P018,T4,R2,T4 A,90,,,,,3,13,,,8,9,225,139,3,,college_biometric_observations.xlsx,90 DAY
L001,P018,T4,R2,T4 A,90,,,,,2,10,,,7,10,219,132,3.5,,college_biometric_observations.xlsx,90 DAY
L001,P018,T4,R2,T4 A,90,,,,,4,11.5,,,9,10,231,125,4.1,,college_biometric_observations.xlsx,90 DAY
L001,P018,T4,R2,T4 A,90,,,,,3,14,,,9,11,226,126,3.6,,college_biometric_observations.xlsx,90 DAY
L001,P019,T5,R2,T5 A,90,,,,,2,14.5,,,9,10,249,128,3.1,,college_biometric_observations.xlsx,90 DAY
L001,P019,T5,R2,T5 A,90,,,,,3,11,,,7,9,218,135,3.4,,college_biometric_observations.xlsx,90 DAY
L001,P019,T5,R2,T5 A,90,,,,,4,11.5,,,8,10,235,134,4,,college_biometric_observations.xlsx,90 DAY
L001,P019,T5,R2,T5 A,90,,,,,2,12,,,10,10,232,125,3.5,,college_biometric_observations.xlsx,90 DAY
L001,P019,T5,R2,T5 A,90,,,,,2,13,,,9,9,229,141,3.7,,college_biometric_observations.xlsx,90 DAY
L001,P020,T6,R2,T6 A,90,,,,,3,12,,,10,10,273,143,3.7,,college_biometric_observations.xlsx,90 DAY
L001,P020,T6,R2,T6 A,90,,,,,4,12.5,,,11,9,273,142,4.3,,college_biometric_observations.xlsx,90 DAY
L001,P020,T6,R2,T6 A,90,,,,,4,13,,,8,9,256,129,4.5,,college_biometric_observations.xlsx,90 DAY
L001,P020,T6,R2,T6 A,90,,,,,5,11,,,7,10,246,132,3.2,,college_biometric_observations.xlsx,90 DAY
L001,P020,T6,R2,T6 A,90,,,,,3,12,,,13,11,259,137,3.9,,college_biometric_observations.xlsx,90 DAY
L001,P021,T7,R2,T7 A,90,,,,,5,14.2,,,12,9,232,120,3,,college_biometric_observations.xlsx,90 DAY
L001,P021,T7,R2,T7 A,90,,,,,4,14,,,9,8,246,133,2.9,,college_biometric_observations.xlsx,90 DAY
L001,P021,T7,R2,T7 A,90,,,,,3,15,,,8,11,236,125,3.7,,college_biometric_observations.xlsx,90 DAY
L001,P021,T7,R2,T7 A,90,,,,,3,13,,,10,10,260,140,4.5,,college_biometric_observations.xlsx,90 DAY
L001,P021,T7,R2,T7 A,90,,,,,3,14,,,10,9,250,132,3.3,,college_biometric_observations.xlsx,90 DAY
L001,P022,T8,R2,T8 A,90,,,,,3,10,,,10,10,235,105,3.8,,college_biometric_observations.xlsx,90 DAY
L001,P022,T8,R2,T8 A,90,,,,,3,11.7,,,9,10,247,123,4.2,,college_biometric_observations.xlsx,90 DAY
L001,P022,T8,R2,T8 A,90,,,,,2,11,,,11,9,249,117,4,,college_biometric_observations.xlsx,90 DAY
L001,P022,T8,R2,T8 A,90,,,,,2,10.3,,,13,10,228,133,3.9,,college_biometric_observations.xlsx,90 DAY
L001,P022,T8,R2,T8 A,90,,,,,3,12.6,,,14,9,233,127,3.7,,college_biometric_observations.xlsx,90 DAY
L001,P023,T9,R2,T9 A,90,,,,,4,13.5,,,13,9,215,119,3.7,,college_biometric_observations.xlsx,90 DAY
L001,P023,T9,R2,T9 A,90,,,,,3,11.5,,,12,9,263,127,4,,college_biometric_observations.xlsx,90 DAY
L001,P023,T9,R2,T9 A,90,,,,,3,12,,,9,10,244,131,4,,college_biometric_observations.xlsx,90 DAY
L001,P023,T9,R2,T9 A,90,,,,,4,11.6,,,8,9,235,121,3.8,,college_biometric_observations.xlsx,90 DAY
L001,P023,T9,R2,T9 A,90,,,,,2,12,,,11,9,228,138,3.7,,college_biometric_observations.xlsx,90 DAY
L001,P024,T10,R2,T10 A,90,,,,,4,11,,,11,10,223,135,3.7,,college_biometric_observations.xlsx,90 DAY
L001,P024,T10,R2,T10 A,90,,,,,3,10.5,,,10,10,246,123,3.5,,college_biometric_observations.xlsx,90 DAY
L001,P024,T10,R2,T10 A,90,,,,,2,11.5,,,8,9,239,129,3.8,,college_biometric_observations.xlsx,90 DAY
L001,P024,T10,R2,T10 A,90,,,,,2,10.7,,,12,9,242,119,4,,college_biometric_observations.xlsx,90 DAY
L001,P024,T10,R2,T10 A,90,,,,,2,13.1,,,14,10,228,125,4.2,,college_biometric_observations.xlsx,90 DAY
L001,P025,T11,R2,T11 A,90,,,,,3,11.5,,,14,10,220,119,4,,college_biometric_observations.xlsx,90 DAY
L001,P025,T11,R2,T11 A,90,,,,,2,10.5,,,12,9,249,127,3.8,,college_biometric_observations.xlsx,90 DAY
L001,P025,T11,R2,T11 A,90,,,,,3,10,,,7,9,263,129,3.5,,college_biometric_observations.xlsx,90 DAY
L001,P025,T11,R2,T11 A,90,,,,,3,11,,,10,9,251,134,3.9,,college_biometric_observations.xlsx,90 DAY
L001,P025,T11,R2,T11 A,90,,,,,4,11,,,11,9,235,125,4.2,,college_biometric_observations.xlsx,90 DAY
L001,P026,T12,R2,T12 A,90,,,,,4,14,,,8,4,247,132,3.4,,college_biometric_observations.xlsx,90 DAY
L001,P026,T12,R2,T12 A,90,,,,,3,13,,,11,10,239,145,4.5,,college_biometric_observations.xlsx,90 DAY
L001,P026,T12,R2,T12 A,90,,,,,2,15.5,,,12,10,256,122,4.2,,college_biometric_observations.xlsx,90 DAY
L001,P026,T12,R2,T12 A,90,,,,,3,12,,,14,9,242,137,3.7,,college_biometric_observations.xlsx,90 DAY
L001,P026,T12,R2,T12 A,90,,,,,3,13,,,11,9,245,128,4.1,,college_biometric_observations.xlsx,90 DAY
L001,P027,T13,R2,T13 A,90,,,,,4,15.5,,,10,9,242,133,3.5,,college_biometric_observations.xlsx,90 DAY
L001,P027,T13,R2,T13 A,90,,,,,3,13.5,,,12,10,263,128,4.2,,college_biometric_observations.xlsx,90 DAY
L001,P027,T13,R2,T13 A,90,,,,,4,13,,,14,9,259,119,4.1,,college_biometric_observations.xlsx,90 DAY
L001,P027,T13,R2,T13 A,90,,,,,3,13,,,11,9,266,132,4,,college_biometric_observations.xlsx,90 DAY
L001,P027,T13,R2,T13 A,90,,,,,2,11,,,8,9,248,137,3.7,,college_biometric_observations.xlsx,90 DAY
L001,P028,T14,R2,T14 A,90,,,,,4,14.5,,,11,11,248,128,3.8,,college_biometric_observations.xlsx,90 DAY
L001,P028,T14,R2,T14 A,90,,,,,3,15,,,14,9,266,136,3.5,,college_biometric_observations.xlsx,90 DAY
L001,P028,T14,R2,T14 A,90,,,,,2,16,,,9,9,257,132,3.6,,college_biometric_observations.xlsx,90 DAY
L001,P028,T14,R2,T14 A,90,,,,,3,10,,,12,8,251,119,3.9,,college_biometric_observations.xlsx,90 DAY
L001,P028,T14,R2,T14 A,90,,,,,2,14,,,8,10,255,125,4.2,,college_biometric_observations.xlsx,90 DAY
L001,P001,T1,R1,T1 A,100,,,,,4,9.4,,,15,10,247,121,3.9,,college_biometric_observations.xlsx,100 DAY
L001,P001,T1,R1,T1 A,100,,,,,4,11.5,,,11,11,269,127,3.7,,college_biometric_observations.xlsx,100 DAY
L001,P001,T1,R1,T1 A,100,,,,,3,17.9,,,9,10,259,119,4.2,,college_biometric_observations.xlsx,100 DAY
L001,P001,T1,R1,T1 A,100,,,,,4,14.6,,,13,11,272,132,4.1,,college_biometric_observations.xlsx,100 DAY
L001,P001,T1,R1,T1 A,100,,,,,5,16.8,,,10,10,227,125,3.2,,college_biometric_observations.xlsx,100 DAY
L001,P002,T2,R1,T2 A,100,,,,,5,19.6,,,15,11,287,120,3.9,,college_biometric_observations.xlsx,100 DAY
L001,P002,T2,R1,T2 A,100,,,,,6,13.9,,,11,10,292,131,3.5,,college_biometric_observations.xlsx,100 DAY
L001,P002,T2,R1,T2 A,100,,,,,3,15.1,,,14,11,279,136,4.2,,college_biometric_observations.xlsx,100 DAY
L001,P002,T2,R1,T2 A,100,,,,,4,12.8,,,13,11,302,127,4.5,,college_biometric_observations.xlsx,100 DAY
L001,P002,T2,R1,T2 A,100,,,,,3,10.3,,,17,11,272,143,4.1,,college_biometric_observations.xlsx,100 DAY
L001,P003,T3,R1,T3 A,100,,,,,4,17.2,,,17,11,259,119,4.2,,college_biometric_observations.xlsx,100 DAY
L001,P003,T3,R1,T3 A,100,,,,,4,21.5,,,11,10,285,125,3.9,,college_biometric_observations.xlsx,100 DAY
L001,P003,T3,R1,T3 A,100,,,,,3,12.4,,,14,10,292,137,3.7,,college_biometric_observations.xlsx,100 DAY
L001,P003,T3,R1,T3 A,100,,,,,5,10.2,,,13,11,281,149,3.2,,college_biometric_observations.xlsx,100 DAY
L001,P003,T3,R1,T3 A,100,,,,,3,13.7,,,15,10,295,138,4,,college_biometric_observations.xlsx,100 DAY
L001,P004,T4,R1,T4 A,100,,,,,6,17.6,,,19,10,295,131,4.3,,college_biometric_observations.xlsx,100 DAY
L001,P004,T4,R1,T4 A,100,,,,,5,13.2,,,14,11,255,127,3.9,,college_biometric_observations.xlsx,100 DAY
L001,P004,T4,R1,T4 A,100,,,,,4,19.5,,,11,11,278,136,3.5,,college_biometric_observations.xlsx,100 DAY
L001,P004,T4,R1,T4 A,100,,,,,3,15.2,,,15,10,280,125,4.1,,college_biometric_observations.xlsx,100 DAY
L001,P004,T4,R1,T4 A,100,,,,,3,12.6,,,12,9,275,132,4,,college_biometric_observations.xlsx,100 DAY
L001,P005,T5,R1,T5 A,100,,,,,5,19.5,,,16,11,297,146,3.7,,college_biometric_observations.xlsx,100 DAY
L001,P005,T5,R1,T5 A,100,,,,,4,12.4,,,19,10,269,132,4.2,,college_biometric_observations.xlsx,100 DAY
L001,P005,T5,R1,T5 A,100,,,,,3,17.1,,,14,11,275,129,3.9,,college_biometric_observations.xlsx,100 DAY
L001,P005,T5,R1,T5 A,100,,,,,3,16.7,,,12,10,292,137,3.5,,college_biometric_observations.xlsx,100 DAY
L001,P005,T5,R1,T5 A,100,,,,,4,14.9,,,15,10,286,141,4.1,,college_biometric_observations.xlsx,100 DAY
L001,P006,T6,R1,T6 A,100,,,,,3,14.3,,,17,9,259,113,4.3,,college_biometric_observations.xlsx,100 DAY
L001,P006,T6,R1,T6 A,100,,,,,4,15.1,,,12,9,281,124,3.9,,college_biometric_observations.xlsx,100 DAY
L001,P006,T6,R1,T6 A,100,,,,,4,13.1,,,14,10,265,136,3.7,,college_biometric_observations.xlsx,100 DAY
L001,P006,T6,R1,T6 A,100,,,,,3,17,,,9,10,291,141,3.2,,college_biometric_observations.xlsx,100 DAY
L001,P006,T6,R1,T6 A,100,,,,,3,18.2,,,15,11,278,139,3.5,,college_biometric_observations.xlsx,100 DAY
L001,P007,T7,R1,T7 A,100,,,,,4,19.6,,,9,10,290,132,4.1,,college_biometric_observations.xlsx,100 DAY
L001,P007,T7,R1,T7 A,100,,,,,5,14.1,,,11,11,269,127,3.5,,college_biometric_observations.xlsx,100 DAY
L001,P007,T7,R1,T7 A,100,,,,,5,15.7,,,9,10,275,119,3.2,,college_biometric_observations.xlsx,100 DAY
L001,P007,T7,R1,T7 A,100,,,,,3,11.3,,,14,10,278,137,3.7,,college_biometric_observations.xlsx,100 DAY
L001,P007,T7,R1,T7 A,100,,,,,3,10.9,,,16,10,297,141,4.3,,college_biometric_observations.xlsx,100 DAY
L001,P008,T8,R1,T8 A,100,,,,,4,17.6,,,17,11,299,136,3.7,,college_biometric_observations.xlsx,100 DAY
L001,P008,T8,R1,T8 A,100,,,,,3,12.5,,,16,10,282,121,4.5,,college_biometric_observations.xlsx,100 DAY
L001,P008,T8,R1,T8 A,100,,,,,3,13.7,,,11,10,279,137,3.2,,college_biometric_observations.xlsx,100 DAY
L001,P008,T8,R1,T8 A,100,,,,,5,19.2,,,15,9,286,142,3.9,,college_biometric_observations.xlsx,100 DAY
L001,P008,T8,R1,T8 A,100,,,,,3,11.7,,,13,11,283,129,4.2,,college_biometric_observations.xlsx,100 DAY
L001,P009,T9,R1,T9 A,100,,,,,5,15,,,14,11,269,136,3.5,,college_biometric_observations.xlsx,100 DAY
L001,P009,T9,R1,T9 A,100,,,,,3,17.6,,,13,10,285,149,3.2,,college_biometric_observations.xlsx,100 DAY
L001,P009,T9,R1,T9 A,100,,,,,3,19,,,11,9,275,122,4.2,,college_biometric_observations.xlsx,100 DAY
L001,P009,T9,R1,T9 A,100,,,,,3,15.9,,,10,10,294,117,4,,college_biometric_observations.xlsx,100 DAY
L001,P009,T9,R1,T9 A,100,,,,,3,16.2,,,9,10,279,112,4.1,,college_biometric_observations.xlsx,100 DAY
L001,P010,T10,R1,T10 A,100,,,,,5,21.2,,,17,11,288,137,4.2,,college_biometric_observations.xlsx,100 DAY
L001,P010,T10,R1,T10 A,100,,,,,4,11.5,,,18,10,296,121,3.7,,college_biometric_observations.xlsx,100 DAY
L001,P010,T10,R1,T10 A,100,,,,,3,10.6,,,11,10,265,117,3.2,,college_biometric_observations.xlsx,100 DAY
L001,P010,T10,R1,T10 A,100,,,,,2,14.2,,,13,10,272,125,2.9,,college_biometric_observations.xlsx,100 DAY
L001,P010,T10,R1,T10 A,100,,,,,3,15,,,11,10,281,129,2.5,,college_biometric_observations.xlsx,100 DAY
L001,P011,T11,R1,T11 A,100,,,,,3,9.7,,,17,9,308,135,4.7,,college_biometric_observations.xlsx,100 DAY
L001,P011,T11,R1,T11 A,100,,,,,4,11.2,,,11,10,292,127,3.9,,college_biometric_observations.xlsx,100 DAY
L001,P011,T11,R1,T11 A,100,,,,,5,18.7,,,14,11,275,122,4.1,,college_biometric_observations.xlsx,100 DAY
L001,P011,T11,R1,T11 A,100,,,,,4,12.9,,,16,11,289,142,3.5,,college_biometric_observations.xlsx,100 DAY
L001,P011,T11,R1,T11 A,100,,,,,3,16.2,,,13,11,296,131,3.7,,college_biometric_observations.xlsx,100 DAY
L001,P012,T12,R1,T12 A,100,,,,,3,13,,,14,11,259,135,2.7,,college_biometric_observations.xlsx,100 DAY
L001,P012,T12,R1,T12 A,100,,,,,2,14.2,,,15,11,278,129,2.9,,college_biometric_observations.xlsx,100 DAY
L001,P012,T12,R1,T12 A,100,,,,,5,11.6,,,12,11,263,122,3.2,,college_biometric_observations.xlsx,100 DAY
L001,P012,T12,R1,T12 A,100,,,,,3,12,,,13,10,289,137,3.9,,college_biometric_observations.xlsx,100 DAY
L001,P012,T12,R1,T12 A,100,,,,,4,13.1,,,15,11,293,142,4.3,,college_biometric_observations.xlsx,100 DAY
L001,P013,T13,R1,T13 A,100,,,,,5,17.3,,,17,10,292,145,3.5,,college_biometric_observations.xlsx,100 DAY
L001,P013,T13,R1,T13 A,100,,,,,4,19.2,,,11,10,269,142,3.9,,college_biometric_observations.xlsx,100 DAY
L001,P013,T13,R1,T13 A,100,,,,,4,11.9,,,13,10,278,137,4.3,,college_biometric_observations.xlsx,100 DAY
L001,P013,T13,R1,T13 A,100,,,,,3,14.2,,,15,11,282,141,3.9,,college_biometric_observations.xlsx,100 DAY
L001,P013,T13,R1,T13 A,100,,,,,3,10.5,,,14,10,272,130,3.7,,college_biometric_observations.xlsx,100 DAY
L001,P014,T14,R1,T14 A,100,,,,,5,16.9,,,14,10,302,142,4.7,,college_biometric_observations.xlsx,100 DAY
L001,P014,T14,R1,T14 A,100,,,,,3,15.2,,,17,11,294,149,4.2,,college_biometric_observations.xlsx,100 DAY
L001,P014,T14,R1,T14 A,100,,,,,3,17.3,,,11,11,289,136,3.9,,college_biometric_observations.xlsx,100 DAY
L001,P014,T14,R1,T14 A,100,,,,,4,11.5,,,13,9,277,132,3.7,,college_biometric_observations.xlsx,100 DAY
L001,P014,T14,R1,T14 A,100,,,,,3,15.1,,,18,11,312,137,3.5,,college_biometric_observations.xlsx,100 DAY
L001,P015,T1,R2,T1 A,100,,,,,5,9.6,,,9,9,259,136,4.2,,college_biometric_observations.xlsx,100 DAY
L001,P015,T1,R2,T1 A,100,,,,,3,11.5,,,7,10,272,147,3.7,,college_biometric_observations.xlsx,100 DAY
L001,P015,T1,R2,T1 A,100,,,,,2,14.1,,,13,11,245,121,3.8,,college_biometric_observations.xlsx,100 DAY
L001,P015,T1,R2,T1 A,100,,,,,2,13.2,,,15,11,279,115,3.2,,college_biometric_observations.xlsx,100 DAY
L001,P015,T1,R2,T1 A,100,,,,,3,12.6,,,10,11,262,122,4.1,,college_biometric_observations.xlsx,100 DAY
L001,P016,T2,R2,T2 A,100,,,,,5,19.5,,,16,12,258,129,4.2,,college_biometric_observations.xlsx,100 DAY
L001,P016,T2,R2,T2 A,100,,,,,4,17.4,,,11,11,263,117,4.1,,college_biometric_observations.xlsx,100 DAY
L001,P016,T2,R2,T2 A,100,,,,,3,11.6,,,19,11,275,125,3.7,,college_biometric_observations.xlsx,100 DAY
L001,P016,T2,R2,T2 A,100,,,,,2,15.2,,,13,10,292,137,3.8,,college_biometric_observations.xlsx,100 DAY
L001,P016,T2,R2,T2 A,100,,,,,3,14,,,10,10,269,145,4,,college_biometric_observations.xlsx,100 DAY
L001,P017,T3,R2,T3 A,100,,,,,5,17,,,15,11,265,136,3.7,,college_biometric_observations.xlsx,100 DAY
L001,P017,T3,R2,T3 A,100,,,,,4,16.5,,,19,10,278,121,3.2,,college_biometric_observations.xlsx,100 DAY
L001,P017,T3,R2,T3 A,100,,,,,3,11.3,,,15,11,259,125,3.9,,college_biometric_observations.xlsx,100 DAY
L001,P017,T3,R2,T3 A,100,,,,,3,10.6,,,11,11,285,129,4.2,,college_biometric_observations.xlsx,100 DAY
L001,P017,T3,R2,T3 A,100,,,,,3,11,,,13,11,293,131,3.7,,college_biometric_observations.xlsx,100 DAY
L001,P018,T4,R2,T4 A,100,,,,,3,15.6,,,11,11,289,127,4.7,,college_biometric_observations.xlsx,100 DAY
L001,P018,T4,R2,T4 A,100,,,,,5,19.2,,,13,11,266,136,4.1,,college_biometric_observations.xlsx,100 DAY
L001,P018,T4,R2,T4 A,100,,,,,5,17.6,,,14,11,258,143,4,,college_biometric_observations.xlsx,100 DAY
L001,P018,T4,R2,T4 A,100,,,,,3,15,,,17,10,292,129,3.2,,college_biometric_observations.xlsx,100 DAY
L001,P018,T4,R2,T4 A,100,,,,,3,12,,,11,9,281,119,3.5,,college_biometric_observations.xlsx,100 DAY
L001,P019,T5,R2,T5 A,100,,,,,3,14.6,,,14,10,295,137,3.9,,college_biometric_observations.xlsx,100 DAY
L001,P019,T5,R2,T5 A,100,,,,,4,15.5,,,17,10,266,142,3.7,,college_biometric_observations.xlsx,100 DAY
L001,P019,T5,R2,T5 A,100,,,,,3,17.9,,,15,11,299,136,3.8,,college_biometric_observations.xlsx,100 DAY
L001,P019,T5,R2,T5 A,100,,,,,4,18.7,,,17,11,278,140,4.2,,college_biometric_observations.xlsx,100 DAY
L001,P019,T5,R2,T5 A,100,,,,,5,19.2,,,11,11,281,126,3.2,,college_biometric_observations.xlsx,100 DAY
L001,P020,T6,R2,T6 A,100,,,,,3,13.1,,,11,9,286,115,3.5,,college_biometric_observations.xlsx,100 DAY
L001,P020,T6,R2,T6 A,100,,,,,5,17.2,,,15,9,268,129,3.7,,college_biometric_observations.xlsx,100 DAY
L001,P020,T6,R2,T6 A,100,,,,,5,16.5,,,17,10,279,142,3.2,,college_biometric_observations.xlsx,100 DAY
L001,P020,T6,R2,T6 A,100,,,,,3,17.3,,,19,9,296,135,4.2,,college_biometric_observations.xlsx,100 DAY
L001,P020,T6,R2,T6 A,100,,,,,3,18,,,13,10,272,132,3.5,,college_biometric_observations.xlsx,100 DAY
L001,P021,T7,R2,T7 A,100,,,,,3,13,,,10,11,255,147,3.9,,college_biometric_observations.xlsx,100 DAY
L001,P021,T7,R2,T7 A,100,,,,,3,15,,,11,11,279,140,4.2,,college_biometric_observations.xlsx,100 DAY
L001,P021,T7,R2,T7 A,100,,,,,5,17.2,,,17,11,282,121,4,,college_biometric_observations.xlsx,100 DAY
L001,P021,T7,R2,T7 A,100,,,,,4,19.6,,,15,11,268,117,3.7,,college_biometric_observations.xlsx,100 DAY
L001,P021,T7,R2,T7 A,100,,,,,2,11.5,,,19,11,285,126,3.6,,college_biometric_observations.xlsx,100 DAY
L001,P022,T8,R2,T8 A,100,,,,,3,17.2,,,14,11,279,142,4,,college_biometric_observations.xlsx,100 DAY
L001,P022,T8,R2,T8 A,100,,,,,4,16.4,,,12,11,293,130,3.7,,college_biometric_observations.xlsx,100 DAY
L001,P022,T8,R2,T8 A,100,,,,,4,15.6,,,19,9,286,124,3.9,,college_biometric_observations.xlsx,100 DAY
L001,P022,T8,R2,T8 A,100,,,,,4,13.1,,,15,11,284,125,4.2,,college_biometric_observations.xlsx,100 DAY
L001,P022,T8,R2,T8 A,100,,,,,3,11.6,,,11,10,275,136,4.1,,college_biometric_observations.xlsx,100 DAY
L001,P023,T9,R2,T9 A,100,,,,,4,9.8,,,15,10,279,115,4.1,,college_biometric_observations.xlsx,100 DAY
L001,P023,T9,R2,T9 A,100,,,,,4,11.9,,,17,10,268,129,3.1,,college_biometric_observations.xlsx,100 DAY
L001,P023,T9,R2,T9 A,100,,,,,4,16,,,19,10,296,142,3.7,,college_biometric_observations.xlsx,100 DAY
L001,P023,T9,R2,T9 A,100,,,,,3,15.2,,,9,11,285,134,3.5,,college_biometric_observations.xlsx,100 DAY
L001,P023,T9,R2,T9 A,100,,,,,2,17.3,,,14,10,289,130,4,,college_biometric_observations.xlsx,100 DAY
L001,P024,T10,R2,T10 A,100,,,,,2,19.3,,,17,11,277,124,4.2,,college_biometric_observations.xlsx,100 DAY
L001,P024,T10,R2,T10 A,100,,,,,3,16.2,,,11,11,284,142,4.6,,college_biometric_observations.xlsx,100 DAY
L001,P024,T10,R2,T10 A,100,,,,,5,15.9,,,13,11,295,131,3.9,,college_biometric_observations.xlsx,100 DAY
L001,P024,T10,R2,T10 A,100,,,,,4,11,,,12,11,272,140,3.7,,college_biometric_observations.xlsx,100 DAY
L001,P024,T10,R2,T10 A,100,,,,,2,10.2,,,15,11,289,125,3.3,,college_biometric_observations.xlsx,100 DAY
L001,P025,T11,R2,T11 A,100,,,,,3,14.3,,,16,10,249,129,3.2,,college_biometric_observations.xlsx,100 DAY
L001,P025,T11,R2,T11 A,100,,,,,5,15.7,,,13,11,263,131,3.8,,college_biometric_observations.xlsx,100 DAY
L001,P025,T11,R2,T11 A,100,,,,,9,19.2,,,12,10,276,121,3.7,,college_biometric_observations.xlsx,100 DAY
L001,P025,T11,R2,T11 A,100,,,,,4,17.9,,,15,11,272,139,4.1,,college_biometric_observations.xlsx,100 DAY
L001,P025,T11,R2,T11 A,100,,,,,3,14.8,,,11,11,287,141,3.9,,college_biometric_observations.xlsx,100 DAY
L001,P026,T12,R2,T12 A,100,,,,,4,15.5,,,11,10,267,136,4.1,,college_biometric_observations.xlsx,100 DAY
L001,P026,T12,R2,T12 A,100,,,,,4,14.3,,,15,10,272,125,4.7,,college_biometric_observations.xlsx,100 DAY
L001,P026,T12,R2,T12 A,100,,,,,4,17.1,,,19,11,269,142,3.2,,college_biometric_observations.xlsx,100 DAY
L001,P026,T12,R2,T12 A,100,,,,,5,19.2,,,14,10,282,136,3.7,,college_biometric_observations.xlsx,100 DAY
L001,P026,T12,R2,T12 A,100,,,,,3,11.6,,,10,10,285,141,4,,college_biometric_observations.xlsx,100 DAY
L001,P027,T13,R2,T13 A,100,,,,,3,21.5,,,10,12,283,147,3.9,,college_biometric_observations.xlsx,100 DAY
L001,P027,T13,R2,T13 A,100,,,,,3,22,,,15,10,267,132,4.3,,college_biometric_observations.xlsx,100 DAY
L001,P027,T13,R2,T13 A,100,,,,,2,13.2,,,10,11,298,141,3.5,,college_biometric_observations.xlsx,100 DAY
L001,P027,T13,R2,T13 A,100,,,,,3,17.1,,,17,10,259,129,3.2,,college_biometric_observations.xlsx,100 DAY
L001,P027,T13,R2,T13 A,100,,,,,2,14,,,19,11,272,135,3.7,,college_biometric_observations.xlsx,100 DAY
L001,P028,T14,R2,T14 A,100,,,,,5,13,,,10,10,269,114,3.5,,college_biometric_observations.xlsx,100 DAY
L001,P028,T14,R2,T14 A,100,,,,,4,15.6,,,11,11,275,127,3.6,,college_biometric_observations.xlsx,100 DAY
L001,P028,T14,R2,T14 A,100,,,,,3,17.2,,,17,11,301,142,3.5,,college_biometric_observations.xlsx,100 DAY
L001,P028,T14,R2,T14 A,100,,,,,4,19.7,,,18,10,298,135,4.2,,college_biometric_observations.xlsx,100 DAY
L001,P028,T14,R2,T14 A,100,,,,,4,16,,,16,11,281,121,4.7,,college_biometric_observations.xlsx,100 DAY
L001,P001,T1,R1,T1 A,110,,,,,,,,,,,,,,,college_biometric_observations.xlsx,110 DAY
L001,P001,T1,R1,T1 A,110,,,,,,,,,,,,,,,college_biometric_observations.xlsx,110 DAY
L001,P001,T1,R1,T1 A,110,,,,,,,,,,,,,,,college_biometric_observations.xlsx,110 DAY
L001,P001,T1,R1,T1 A,110,,,,,,,,,,,,,,,college_biometric_observations.xlsx,110 DAY
L001,P001,T1,R1,T1 A,110,,,,,,,,,,,,,,,college_biometric_observations.xlsx,110 DAY
L001,P002,T2,R1,T2 A,110,,,,,,,,,,,,,,,college_biometric_observations.xlsx,110 DAY
L001,P002,T2,R1,T2 A,110,,,,,,,,,,,,,,,college_biometric_observations.xlsx,110 DAY
L001,P002,T2,R1,T2 A,110,,,,,,,,,,,,,,,college_biometric_observations.xlsx,110 DAY
L001,P002,T2,R1,T2 A,110,,,,,,,,,,,,,,,college_biometric_observations.xlsx,110 DAY
L001,P002,T2,R1,T2 A,110,,,,,,,,,,,,,,,college_biometric_observations.xlsx,110 DAY
L001,P003,T3,R1,T3 A,110,,,,,,,,,,,,,,,college_biometric_observations.xlsx,110 DAY
L001,P003,T3,R1,T3 A,110,,,,,,,,,,,,,,,college_biometric_observations.xlsx,110 DAY
L001,P003,T3,R1,T3 A,110,,,,,,,,,,,,,,,college_biometric_observations.xlsx,110 DAY
L001,P003,T3,R1,T3 A,110,,,,,,,,,,,,,,,college_biometric_observations.xlsx,110 DAY
L001,P003,T3,R1,T3 A,110,,,,,,,,,,,,,,,college_biometric_observations.xlsx,110 DAY
L001,P004,T4,R1,T4 A,110,,,,,,,,,,,,,,,college_biometric_observations.xlsx,110 DAY
L001,P004,T4,R1,T4 A,110,,,,,,,,,,,,,,,college_biometric_observations.xlsx,110 DAY
L001,P004,T4,R1,T4 A,110,,,,,,,,,,,,,,,college_biometric_observations.xlsx,110 DAY
L001,P004,T4,R1,T4 A,110,,,,,,,,,,,,,,,college_biometric_observations.xlsx,110 DAY
L001,P004,T4,R1,T4 A,110,,,,,,,,,,,,,,,college_biometric_observations.xlsx,110 DAY
L001,P005,T5,R1,T5 A,110,,,,,,,,,,,,,,,college_biometric_observations.xlsx,110 DAY
L001,P005,T5,R1,T5 A,110,,,,,,,,,,,,,,,college_biometric_observations.xlsx,110 DAY
L001,P005,T5,R1,T5 A,110,,,,,,,,,,,,,,,college_biometric_observations.xlsx,110 DAY
L001,P005,T5,R1,T5 A,110,,,,,,,,,,,,,,,college_biometric_observations.xlsx,110 DAY
L001,P005,T5,R1,T5 A,110,,,,,,,,,,,,,,,college_biometric_observations.xlsx,110 DAY
L001,P006,T6,R1,T6 A,110,,,,,,,,,,,,,,,college_biometric_observations.xlsx,110 DAY
L001,P006,T6,R1,T6 A,110,,,,,,,,,,,,,,,college_biometric_observations.xlsx,110 DAY
L001,P006,T6,R1,T6 A,110,,,,,,,,,,,,,,,college_biometric_observations.xlsx,110 DAY
L001,P006,T6,R1,T6 A,110,,,,,,,,,,,,,,,college_biometric_observations.xlsx,110 DAY
L001,P006,T6,R1,T6 A,110,,,,,,,,,,,,,,,college_biometric_observations.xlsx,110 DAY
L001,P007,T7,R1,T7 A,110,,,,,,,,,,,,,,,college_biometric_observations.xlsx,110 DAY
L001,P007,T7,R1,T7 A,110,,,,,,,,,,,,,,,college_biometric_observations.xlsx,110 DAY
L001,P007,T7,R1,T7 A,110,,,,,,,,,,,,,,,college_biometric_observations.xlsx,110 DAY
L001,P007,T7,R1,T7 A,110,,,,,,,,,,,,,,,college_biometric_observations.xlsx,110 DAY
L001,P007,T7,R1,T7 A,110,,,,,,,,,,,,,,,college_biometric_observations.xlsx,110 DAY
L001,P008,T8,R1,T8 A,110,,,,,,,,,,,,,,,college_biometric_observations.xlsx,110 DAY
L001,P008,T8,R1,T8 A,110,,,,,,,,,,,,,,,college_biometric_observations.xlsx,110 DAY
L001,P008,T8,R1,T8 A,110,,,,,,,,,,,,,,,college_biometric_observations.xlsx,110 DAY
L001,P008,T8,R1,T8 A,110,,,,,,,,,,,,,,,college_biometric_observations.xlsx,110 DAY
L001,P008,T8,R1,T8 A,110,,,,,,,,,,,,,,,college_biometric_observations.xlsx,110 DAY
L001,P009,T9,R1,T9 A,110,,,,,,,,,,,,,,,college_biometric_observations.xlsx,110 DAY
L001,P009,T9,R1,T9 A,110,,,,,,,,,,,,,,,college_biometric_observations.xlsx,110 DAY
L001,P009,T9,R1,T9 A,110,,,,,,,,,,,,,,,college_biometric_observations.xlsx,110 DAY
L001,P009,T9,R1,T9 A,110,,,,,,,,,,,,,,,college_biometric_observations.xlsx,110 DAY
L001,P009,T9,R1,T9 A,110,,,,,,,,,,,,,,,college_biometric_observations.xlsx,110 DAY
L001,P010,T10,R1,T10 A,110,,,,,,,,,,,,,,,college_biometric_observations.xlsx,110 DAY
L001,P010,T10,R1,T10 A,110,,,,,,,,,,,,,,,college_biometric_observations.xlsx,110 DAY
L001,P010,T10,R1,T10 A,110,,,,,,,,,,,,,,,college_biometric_observations.xlsx,110 DAY
L001,P010,T10,R1,T10 A,110,,,,,,,,,,,,,,,college_biometric_observations.xlsx,110 DAY
L001,P010,T10,R1,T10 A,110,,,,,,,,,,,,,,,college_biometric_observations.xlsx,110 DAY
L001,P011,T11,R1,T11 A,110,,,,,,,,,,,,,,,college_biometric_observations.xlsx,110 DAY
L001,P011,T11,R1,T11 A,110,,,,,,,,,,,,,,,college_biometric_observations.xlsx,110 DAY
L001,P011,T11,R1,T11 A,110,,,,,,,,,,,,,,,college_biometric_observations.xlsx,110 DAY
L001,P011,T11,R1,T11 A,110,,,,,,,,,,,,,,,college_biometric_observations.xlsx,110 DAY
L001,P011,T11,R1,T11 A,110,,,,,,,,,,,,,,,college_biometric_observations.xlsx,110 DAY
L001,P012,T12,R1,T12 A,110,,,,,,,,,,,,,,,college_biometric_observations.xlsx,110 DAY
L001,P012,T12,R1,T12 A,110,,,,,,,,,,,,,,,college_biometric_observations.xlsx,110 DAY
L001,P012,T12,R1,T12 A,110,,,,,,,,,,,,,,,college_biometric_observations.xlsx,110 DAY
L001,P012,T12,R1,T12 A,110,,,,,,,,,,,,,,,college_biometric_observations.xlsx,110 DAY
L001,P012,T12,R1,T12 A,110,,,,,,,,,,,,,,,college_biometric_observations.xlsx,110 DAY
L001,P013,T13,R1,T13 A,110,,,,,,,,,,,,,,,college_biometric_observations.xlsx,110 DAY
L001,P013,T13,R1,T13 A,110,,,,,,,,,,,,,,,college_biometric_observations.xlsx,110 DAY
L001,P013,T13,R1,T13 A,110,,,,,,,,,,,,,,,college_biometric_observations.xlsx,110 DAY
L001,P013,T13,R1,T13 A,110,,,,,,,,,,,,,,,college_biometric_observations.xlsx,110 DAY
L001,P013,T13,R1,T13 A,110,,,,,,,,,,,,,,,college_biometric_observations.xlsx,110 DAY
L001,P014,T14,R1,T14 A,110,,,,,,,,,,,,,,,college_biometric_observations.xlsx,110 DAY
L001,P014,T14,R1,T14 A,110,,,,,,,,,,,,,,,college_biometric_observations.xlsx,110 DAY
L001,P014,T14,R1,T14 A,110,,,,,,,,,,,,,,,college_biometric_observations.xlsx,110 DAY
L001,P014,T14,R1,T14 A,110,,,,,,,,,,,,,,,college_biometric_observations.xlsx,110 DAY
L001,P014,T14,R1,T14 A,110,,,,,,,,,,,,,,,college_biometric_observations.xlsx,110 DAY
L001,P015,T1,R2,T1 A,110,,,,,,,,,,,,,,,college_biometric_observations.xlsx,110 DAY
L001,P015,T1,R2,T1 A,110,,,,,,,,,,,,,,,college_biometric_observations.xlsx,110 DAY
L001,P015,T1,R2,T1 A,110,,,,,,,,,,,,,,,college_biometric_observations.xlsx,110 DAY
L001,P015,T1,R2,T1 A,110,,,,,,,,,,,,,,,college_biometric_observations.xlsx,110 DAY
L001,P015,T1,R2,T1 A,110,,,,,,,,,,,,,,,college_biometric_observations.xlsx,110 DAY
L001,P016,T2,R2,T2 A,110,,,,,,,,,,,,,,,college_biometric_observations.xlsx,110 DAY
L001,P016,T2,R2,T2 A,110,,,,,,,,,,,,,,,college_biometric_observations.xlsx,110 DAY
L001,P016,T2,R2,T2 A,110,,,,,,,,,,,,,,,college_biometric_observations.xlsx,110 DAY
L001,P016,T2,R2,T2 A,110,,,,,,,,,,,,,,,college_biometric_observations.xlsx,110 DAY
L001,P016,T2,R2,T2 A,110,,,,,,,,,,,,,,,college_biometric_observations.xlsx,110 DAY
L001,P017,T3,R2,T3 A,110,,,,,,,,,,,,,,,college_biometric_observations.xlsx,110 DAY
L001,P017,T3,R2,T3 A,110,,,,,,,,,,,,,,,college_biometric_observations.xlsx,110 DAY
L001,P017,T3,R2,T3 A,110,,,,,,,,,,,,,,,college_biometric_observations.xlsx,110 DAY
L001,P017,T3,R2,T3 A,110,,,,,,,,,,,,,,,college_biometric_observations.xlsx,110 DAY
L001,P017,T3,R2,T3 A,110,,,,,,,,,,,,,,,college_biometric_observations.xlsx,110 DAY
L001,P018,T4,R2,T4 A,110,,,,,,,,,,,,,,,college_biometric_observations.xlsx,110 DAY
L001,P018,T4,R2,T4 A,110,,,,,,,,,,,,,,,college_biometric_observations.xlsx,110 DAY
L001,P018,T4,R2,T4 A,110,,,,,,,,,,,,,,,college_biometric_observations.xlsx,110 DAY
L001,P018,T4,R2,T4 A,110,,,,,,,,,,,,,,,college_biometric_observations.xlsx,110 DAY
L001,P018,T4,R2,T4 A,110,,,,,,,,,,,,,,,college_biometric_observations.xlsx,110 DAY
L001,P019,T5,R2,T5 A,110,,,,,,,,,,,,,,,college_biometric_observations.xlsx,110 DAY
L001,P019,T5,R2,T5 A,110,,,,,,,,,,,,,,,college_biometric_observations.xlsx,110 DAY
L001,P019,T5,R2,T5 A,110,,,,,,,,,,,,,,,college_biometric_observations.xlsx,110 DAY
L001,P019,T5,R2,T5 A,110,,,,,,,,,,,,,,,college_biometric_observations.xlsx,110 DAY
L001,P019,T5,R2,T5 A,110,,,,,,,,,,,,,,,college_biometric_observations.xlsx,110 DAY
L001,P020,T6,R2,T6 A,110,,,,,,,,,,,,,,,college_biometric_observations.xlsx,110 DAY
L001,P020,T6,R2,T6 A,110,,,,,,,,,,,,,,,college_biometric_observations.xlsx,110 DAY
L001,P020,T6,R2,T6 A,110,,,,,,,,,,,,,,,college_biometric_observations.xlsx,110 DAY
L001,P020,T6,R2,T6 A,110,,,,,,,,,,,,,,,college_biometric_observations.xlsx,110 DAY
L001,P020,T6,R2,T6 A,110,,,,,,,,,,,,,,,college_biometric_observations.xlsx,110 DAY
L001,P021,T7,R2,T7 A,110,,,,,,,,,,,,,,,college_biometric_observations.xlsx,110 DAY
L001,P021,T7,R2,T7 A,110,,,,,,,,,,,,,,,college_biometric_observations.xlsx,110 DAY
L001,P021,T7,R2,T7 A,110,,,,,,,,,,,,,,,college_biometric_observations.xlsx,110 DAY
L001,P021,T7,R2,T7 A,110,,,,,,,,,,,,,,,college_biometric_observations.xlsx,110 DAY
L001,P021,T7,R2,T7 A,110,,,,,,,,,,,,,,,college_biometric_observations.xlsx,110 DAY
L001,P022,T8,R2,T8 A,110,,,,,,,,,,,,,,,college_biometric_observations.xlsx,110 DAY
L001,P022,T8,R2,T8 A,110,,,,,,,,,,,,,,,college_biometric_observations.xlsx,110 DAY
L001,P022,T8,R2,T8 A,110,,,,,,,,,,,,,,,college_biometric_observations.xlsx,110 DAY
L001,P022,T8,R2,T8 A,110,,,,,,,,,,,,,,,college_biometric_observations.xlsx,110 DAY
L001,P022,T8,R2,T8 A,110,,,,,,,,,,,,,,,college_biometric_observations.xlsx,110 DAY
L001,P023,T9,R2,T9 A,110,,,,,,,,,,,,,,,college_biometric_observations.xlsx,110 DAY
L001,P023,T9,R2,T9 A,110,,,,,,,,,,,,,,,college_biometric_observations.xlsx,110 DAY
L001,P023,T9,R2,T9 A,110,,,,,,,,,,,,,,,college_biometric_observations.xlsx,110 DAY
L001,P023,T9,R2,T9 A,110,,,,,,,,,,,,,,,college_biometric_observations.xlsx,110 DAY
L001,P023,T9,R2,T9 A,110,,,,,,,,,,,,,,,college_biometric_observations.xlsx,110 DAY
L001,P024,T10,R2,T10 A,110,,,,,,,,,,,,,,,college_biometric_observations.xlsx,110 DAY
L001,P024,T10,R2,T10 A,110,,,,,,,,,,,,,,,college_biometric_observations.xlsx,110 DAY
L001,P024,T10,R2,T10 A,110,,,,,,,,,,,,,,,college_biometric_observations.xlsx,110 DAY
L001,P024,T10,R2,T10 A,110,,,,,,,,,,,,,,,college_biometric_observations.xlsx,110 DAY
L001,P024,T10,R2,T10 A,110,,,,,,,,,,,,,,,college_biometric_observations.xlsx,110 DAY
L001,P025,T11,R2,T11 A,110,,,,,,,,,,,,,,,college_biometric_observations.xlsx,110 DAY
L001,P025,T11,R2,T11 A,110,,,,,,,,,,,,,,,college_biometric_observations.xlsx,110 DAY
L001,P025,T11,R2,T11 A,110,,,,,,,,,,,,,,,college_biometric_observations.xlsx,110 DAY
L001,P025,T11,R2,T11 A,110,,,,,,,,,,,,,,,college_biometric_observations.xlsx,110 DAY
L001,P025,T11,R2,T11 A,110,,,,,,,,,,,,,,,college_biometric_observations.xlsx,110 DAY
L001,P026,T12,R2,T12 A,110,,,,,,,,,,,,,,,college_biometric_observations.xlsx,110 DAY
L001,P026,T12,R2,T12 A,110,,,,,,,,,,,,,,,college_biometric_observations.xlsx,110 DAY
L001,P026,T12,R2,T12 A,110,,,,,,,,,,,,,,,college_biometric_observations.xlsx,110 DAY
L001,P026,T12,R2,T12 A,110,,,,,,,,,,,,,,,college_biometric_observations.xlsx,110 DAY
L001,P026,T12,R2,T12 A,110,,,,,,,,,,,,,,,college_biometric_observations.xlsx,110 DAY
L001,P027,T13,R2,T13 A,110,,,,,,,,,,,,,,,college_biometric_observations.xlsx,110 DAY
L001,P027,T13,R2,T13 A,110,,,,,,,,,,,,,,,college_biometric_observations.xlsx,110 DAY
L001,P027,T13,R2,T13 A,110,,,,,,,,,,,,,,,college_biometric_observations.xlsx,110 DAY
L001,P027,T13,R2,T13 A,110,,,,,,,,,,,,,,,college_biometric_observations.xlsx,110 DAY
L001,P027,T13,R2,T13 A,110,,,,,,,,,,,,,,,college_biometric_observations.xlsx,110 DAY
L001,P028,T14,R2,T14 A,110,,,,,,,,,,,,,,,college_biometric_observations.xlsx,110 DAY
L001,P028,T14,R2,T14 A,110,,,,,,,,,,,,,,,college_biometric_observations.xlsx,110 DAY
L001,P028,T14,R2,T14 A,110,,,,,,,,,,,,,,,college_biometric_observations.xlsx,110 DAY
L001,P028,T14,R2,T14 A,110,,,,,,,,,,,,,,,college_biometric_observations.xlsx,110 DAY
L001,P028,T14,R2,T14 A,110,,,,,,,,,,,,,,,college_biometric_observations.xlsx,110 DAY
L001,P001,T1,R1,T1 A,120,,,,,,,,,,,,,,,college_biometric_observations.xlsx,120 DAY
L001,P001,T1,R1,T1 A,120,,,,,,,,,,,,,,,college_biometric_observations.xlsx,120 DAY
L001,P001,T1,R1,T1 A,120,,,,,,,,,,,,,,,college_biometric_observations.xlsx,120 DAY
L001,P001,T1,R1,T1 A,120,,,,,,,,,,,,,,,college_biometric_observations.xlsx,120 DAY
L001,P001,T1,R1,T1 A,120,,,,,,,,,,,,,,,college_biometric_observations.xlsx,120 DAY
L001,P002,T2,R1,T2 A,120,,,,,,,,,,,,,,,college_biometric_observations.xlsx,120 DAY
L001,P002,T2,R1,T2 A,120,,,,,,,,,,,,,,,college_biometric_observations.xlsx,120 DAY
L001,P002,T2,R1,T2 A,120,,,,,,,,,,,,,,,college_biometric_observations.xlsx,120 DAY
L001,P002,T2,R1,T2 A,120,,,,,,,,,,,,,,,college_biometric_observations.xlsx,120 DAY
L001,P002,T2,R1,T2 A,120,,,,,,,,,,,,,,,college_biometric_observations.xlsx,120 DAY
L001,P003,T3,R1,T3 A,120,,,,,,,,,,,,,,,college_biometric_observations.xlsx,120 DAY
L001,P003,T3,R1,T3 A,120,,,,,,,,,,,,,,,college_biometric_observations.xlsx,120 DAY
L001,P003,T3,R1,T3 A,120,,,,,,,,,,,,,,,college_biometric_observations.xlsx,120 DAY
L001,P003,T3,R1,T3 A,120,,,,,,,,,,,,,,,college_biometric_observations.xlsx,120 DAY
L001,P003,T3,R1,T3 A,120,,,,,,,,,,,,,,,college_biometric_observations.xlsx,120 DAY
L001,P004,T4,R1,T4 A,120,,,,,,,,,,,,,,,college_biometric_observations.xlsx,120 DAY
L001,P004,T4,R1,T4 A,120,,,,,,,,,,,,,,,college_biometric_observations.xlsx,120 DAY
L001,P004,T4,R1,T4 A,120,,,,,,,,,,,,,,,college_biometric_observations.xlsx,120 DAY
L001,P004,T4,R1,T4 A,120,,,,,,,,,,,,,,,college_biometric_observations.xlsx,120 DAY
L001,P004,T4,R1,T4 A,120,,,,,,,,,,,,,,,college_biometric_observations.xlsx,120 DAY
L001,P005,T5,R1,T5 A,120,,,,,,,,,,,,,,,college_biometric_observations.xlsx,120 DAY
L001,P005,T5,R1,T5 A,120,,,,,,,,,,,,,,,college_biometric_observations.xlsx,120 DAY
L001,P005,T5,R1,T5 A,120,,,,,,,,,,,,,,,college_biometric_observations.xlsx,120 DAY
L001,P005,T5,R1,T5 A,120,,,,,,,,,,,,,,,college_biometric_observations.xlsx,120 DAY
L001,P005,T5,R1,T5 A,120,,,,,,,,,,,,,,,college_biometric_observations.xlsx,120 DAY
L001,P006,T6,R1,T6 A,120,,,,,,,,,,,,,,,college_biometric_observations.xlsx,120 DAY
L001,P006,T6,R1,T6 A,120,,,,,,,,,,,,,,,college_biometric_observations.xlsx,120 DAY
L001,P006,T6,R1,T6 A,120,,,,,,,,,,,,,,,college_biometric_observations.xlsx,120 DAY
L001,P006,T6,R1,T6 A,120,,,,,,,,,,,,,,,college_biometric_observations.xlsx,120 DAY
L001,P006,T6,R1,T6 A,120,,,,,,,,,,,,,,,college_biometric_observations.xlsx,120 DAY
L001,P007,T7,R1,T7 A,120,,,,,,,,,,,,,,,college_biometric_observations.xlsx,120 DAY
L001,P007,T7,R1,T7 A,120,,,,,,,,,,,,,,,college_biometric_observations.xlsx,120 DAY
L001,P007,T7,R1,T7 A,120,,,,,,,,,,,,,,,college_biometric_observations.xlsx,120 DAY
L001,P007,T7,R1,T7 A,120,,,,,,,,,,,,,,,college_biometric_observations.xlsx,120 DAY
L001,P007,T7,R1,T7 A,120,,,,,,,,,,,,,,,college_biometric_observations.xlsx,120 DAY
L001,P008,T8,R1,T8 A,120,,,,,,,,,,,,,,,college_biometric_observations.xlsx,120 DAY
L001,P008,T8,R1,T8 A,120,,,,,,,,,,,,,,,college_biometric_observations.xlsx,120 DAY
L001,P008,T8,R1,T8 A,120,,,,,,,,,,,,,,,college_biometric_observations.xlsx,120 DAY
L001,P008,T8,R1,T8 A,120,,,,,,,,,,,,,,,college_biometric_observations.xlsx,120 DAY
L001,P008,T8,R1,T8 A,120,,,,,,,,,,,,,,,college_biometric_observations.xlsx,120 DAY
L001,P009,T9,R1,T9 A,120,,,,,,,,,,,,,,,college_biometric_observations.xlsx,120 DAY
L001,P009,T9,R1,T9 A,120,,,,,,,,,,,,,,,college_biometric_observations.xlsx,120 DAY
L001,P009,T9,R1,T9 A,120,,,,,,,,,,,,,,,college_biometric_observations.xlsx,120 DAY
L001,P009,T9,R1,T9 A,120,,,,,,,,,,,,,,,college_biometric_observations.xlsx,120 DAY
L001,P009,T9,R1,T9 A,120,,,,,,,,,,,,,,,college_biometric_observations.xlsx,120 DAY
L001,P010,T10,R1,T10 A,120,,,,,,,,,,,,,,,college_biometric_observations.xlsx,120 DAY
L001,P010,T10,R1,T10 A,120,,,,,,,,,,,,,,,college_biometric_observations.xlsx,120 DAY
L001,P010,T10,R1,T10 A,120,,,,,,,,,,,,,,,college_biometric_observations.xlsx,120 DAY
L001,P010,T10,R1,T10 A,120,,,,,,,,,,,,,,,college_biometric_observations.xlsx,120 DAY
L001,P010,T10,R1,T10 A,120,,,,,,,,,,,,,,,college_biometric_observations.xlsx,120 DAY
L001,P011,T11,R1,T11 A,120,,,,,,,,,,,,,,,college_biometric_observations.xlsx,120 DAY
L001,P011,T11,R1,T11 A,120,,,,,,,,,,,,,,,college_biometric_observations.xlsx,120 DAY
L001,P011,T11,R1,T11 A,120,,,,,,,,,,,,,,,college_biometric_observations.xlsx,120 DAY
L001,P011,T11,R1,T11 A,120,,,,,,,,,,,,,,,college_biometric_observations.xlsx,120 DAY
L001,P011,T11,R1,T11 A,120,,,,,,,,,,,,,,,college_biometric_observations.xlsx,120 DAY
L001,P012,T12,R1,T12 A,120,,,,,,,,,,,,,,,college_biometric_observations.xlsx,120 DAY
L001,P012,T12,R1,T12 A,120,,,,,,,,,,,,,,,college_biometric_observations.xlsx,120 DAY
L001,P012,T12,R1,T12 A,120,,,,,,,,,,,,,,,college_biometric_observations.xlsx,120 DAY
L001,P012,T12,R1,T12 A,120,,,,,,,,,,,,,,,college_biometric_observations.xlsx,120 DAY
L001,P012,T12,R1,T12 A,120,,,,,,,,,,,,,,,college_biometric_observations.xlsx,120 DAY
L001,P013,T13,R1,T13 A,120,,,,,,,,,,,,,,,college_biometric_observations.xlsx,120 DAY
L001,P013,T13,R1,T13 A,120,,,,,,,,,,,,,,,college_biometric_observations.xlsx,120 DAY
L001,P013,T13,R1,T13 A,120,,,,,,,,,,,,,,,college_biometric_observations.xlsx,120 DAY
L001,P013,T13,R1,T13 A,120,,,,,,,,,,,,,,,college_biometric_observations.xlsx,120 DAY
L001,P013,T13,R1,T13 A,120,,,,,,,,,,,,,,,college_biometric_observations.xlsx,120 DAY
L001,P014,T14,R1,T14 A,120,,,,,,,,,,,,,,,college_biometric_observations.xlsx,120 DAY
L001,P014,T14,R1,T14 A,120,,,,,,,,,,,,,,,college_biometric_observations.xlsx,120 DAY
L001,P014,T14,R1,T14 A,120,,,,,,,,,,,,,,,college_biometric_observations.xlsx,120 DAY
L001,P014,T14,R1,T14 A,120,,,,,,,,,,,,,,,college_biometric_observations.xlsx,120 DAY
L001,P014,T14,R1,T14 A,120,,,,,,,,,,,,,,,college_biometric_observations.xlsx,120 DAY
L001,P015,T1,R2,T1 A,120,,,,,,,,,,,,,,,college_biometric_observations.xlsx,120 DAY
L001,P015,T1,R2,T1 A,120,,,,,,,,,,,,,,,college_biometric_observations.xlsx,120 DAY
L001,P015,T1,R2,T1 A,120,,,,,,,,,,,,,,,college_biometric_observations.xlsx,120 DAY
L001,P015,T1,R2,T1 A,120,,,,,,,,,,,,,,,college_biometric_observations.xlsx,120 DAY
L001,P015,T1,R2,T1 A,120,,,,,,,,,,,,,,,college_biometric_observations.xlsx,120 DAY
L001,P016,T2,R2,T2 A,120,,,,,,,,,,,,,,,college_biometric_observations.xlsx,120 DAY
L001,P016,T2,R2,T2 A,120,,,,,,,,,,,,,,,college_biometric_observations.xlsx,120 DAY
L001,P016,T2,R2,T2 A,120,,,,,,,,,,,,,,,college_biometric_observations.xlsx,120 DAY
L001,P016,T2,R2,T2 A,120,,,,,,,,,,,,,,,college_biometric_observations.xlsx,120 DAY
L001,P016,T2,R2,T2 A,120,,,,,,,,,,,,,,,college_biometric_observations.xlsx,120 DAY
L001,P017,T3,R2,T3 A,120,,,,,,,,,,,,,,,college_biometric_observations.xlsx,120 DAY
L001,P017,T3,R2,T3 A,120,,,,,,,,,,,,,,,college_biometric_observations.xlsx,120 DAY
L001,P017,T3,R2,T3 A,120,,,,,,,,,,,,,,,college_biometric_observations.xlsx,120 DAY
L001,P017,T3,R2,T3 A,120,,,,,,,,,,,,,,,college_biometric_observations.xlsx,120 DAY
L001,P017,T3,R2,T3 A,120,,,,,,,,,,,,,,,college_biometric_observations.xlsx,120 DAY
L001,P018,T4,R2,T4 A,120,,,,,,,,,,,,,,,college_biometric_observations.xlsx,120 DAY
L001,P018,T4,R2,T4 A,120,,,,,,,,,,,,,,,college_biometric_observations.xlsx,120 DAY
L001,P018,T4,R2,T4 A,120,,,,,,,,,,,,,,,college_biometric_observations.xlsx,120 DAY
L001,P018,T4,R2,T4 A,120,,,,,,,,,,,,,,,college_biometric_observations.xlsx,120 DAY
L001,P018,T4,R2,T4 A,120,,,,,,,,,,,,,,,college_biometric_observations.xlsx,120 DAY
L001,P019,T5,R2,T5 A,120,,,,,,,,,,,,,,,college_biometric_observations.xlsx,120 DAY
L001,P019,T5,R2,T5 A,120,,,,,,,,,,,,,,,college_biometric_observations.xlsx,120 DAY
L001,P019,T5,R2,T5 A,120,,,,,,,,,,,,,,,college_biometric_observations.xlsx,120 DAY
L001,P019,T5,R2,T5 A,120,,,,,,,,,,,,,,,college_biometric_observations.xlsx,120 DAY
L001,P019,T5,R2,T5 A,120,,,,,,,,,,,,,,,college_biometric_observations.xlsx,120 DAY
L001,P020,T6,R2,T6 A,120,,,,,,,,,,,,,,,college_biometric_observations.xlsx,120 DAY
L001,P020,T6,R2,T6 A,120,,,,,,,,,,,,,,,college_biometric_observations.xlsx,120 DAY
L001,P020,T6,R2,T6 A,120,,,,,,,,,,,,,,,college_biometric_observations.xlsx,120 DAY
L001,P020,T6,R2,T6 A,120,,,,,,,,,,,,,,,college_biometric_observations.xlsx,120 DAY
L001,P020,T6,R2,T6 A,120,,,,,,,,,,,,,,,college_biometric_observations.xlsx,120 DAY
L001,P021,T7,R2,T7 A,120,,,,,,,,,,,,,,,college_biometric_observations.xlsx,120 DAY
L001,P021,T7,R2,T7 A,120,,,,,,,,,,,,,,,college_biometric_observations.xlsx,120 DAY
L001,P021,T7,R2,T7 A,120,,,,,,,,,,,,,,,college_biometric_observations.xlsx,120 DAY
L001,P021,T7,R2,T7 A,120,,,,,,,,,,,,,,,college_biometric_observations.xlsx,120 DAY
L001,P021,T7,R2,T7 A,120,,,,,,,,,,,,,,,college_biometric_observations.xlsx,120 DAY
L001,P022,T8,R2,T8 A,120,,,,,,,,,,,,,,,college_biometric_observations.xlsx,120 DAY
L001,P022,T8,R2,T8 A,120,,,,,,,,,,,,,,,college_biometric_observations.xlsx,120 DAY
L001,P022,T8,R2,T8 A,120,,,,,,,,,,,,,,,college_biometric_observations.xlsx,120 DAY
L001,P022,T8,R2,T8 A,120,,,,,,,,,,,,,,,college_biometric_observations.xlsx,120 DAY
L001,P022,T8,R2,T8 A,120,,,,,,,,,,,,,,,college_biometric_observations.xlsx,120 DAY
L001,P023,T9,R2,T9 A,120,,,,,,,,,,,,,,,college_biometric_observations.xlsx,120 DAY
L001,P023,T9,R2,T9 A,120,,,,,,,,,,,,,,,college_biometric_observations.xlsx,120 DAY
L001,P023,T9,R2,T9 A,120,,,,,,,,,,,,,,,college_biometric_observations.xlsx,120 DAY
L001,P023,T9,R2,T9 A,120,,,,,,,,,,,,,,,college_biometric_observations.xlsx,120 DAY
L001,P023,T9,R2,T9 A,120,,,,,,,,,,,,,,,college_biometric_observations.xlsx,120 DAY
L001,P024,T10,R2,T10 A,120,,,,,,,,,,,,,,,college_biometric_observations.xlsx,120 DAY
L001,P024,T10,R2,T10 A,120,,,,,,,,,,,,,,,college_biometric_observations.xlsx,120 DAY
L001,P024,T10,R2,T10 A,120,,,,,,,,,,,,,,,college_biometric_observations.xlsx,120 DAY
L001,P024,T10,R2,T10 A,120,,,,,,,,,,,,,,,college_biometric_observations.xlsx,120 DAY
L001,P024,T10,R2,T10 A,120,,,,,,,,,,,,,,,college_biometric_observations.xlsx,120 DAY
L001,P025,T11,R2,T11 A,120,,,,,,,,,,,,,,,college_biometric_observations.xlsx,120 DAY
L001,P025,T11,R2,T11 A,120,,,,,,,,,,,,,,,college_biometric_observations.xlsx,120 DAY
L001,P025,T11,R2,T11 A,120,,,,,,,,,,,,,,,college_biometric_observations.xlsx,120 DAY
L001,P025,T11,R2,T11 A,120,,,,,,,,,,,,,,,college_biometric_observations.xlsx,120 DAY
L001,P025,T11,R2,T11 A,120,,,,,,,,,,,,,,,college_biometric_observations.xlsx,120 DAY
L001,P026,T12,R2,T12 A,120,,,,,,,,,,,,,,,college_biometric_observations.xlsx,120 DAY
L001,P026,T12,R2,T12 A,120,,,,,,,,,,,,,,,college_biometric_observations.xlsx,120 DAY
L001,P026,T12,R2,T12 A,120,,,,,,,,,,,,,,,college_biometric_observations.xlsx,120 DAY
L001,P026,T12,R2,T12 A,120,,,,,,,,,,,,,,,college_biometric_observations.xlsx,120 DAY
L001,P026,T12,R2,T12 A,120,,,,,,,,,,,,,,,college_biometric_observations.xlsx,120 DAY
L001,P027,T13,R2,T13 A,120,,,,,,,,,,,,,,,college_biometric_observations.xlsx,120 DAY
L001,P027,T13,R2,T13 A,120,,,,,,,,,,,,,,,college_biometric_observations.xlsx,120 DAY
L001,P027,T13,R2,T13 A,120,,,,,,,,,,,,,,,college_biometric_observations.xlsx,120 DAY
L001,P027,T13,R2,T13 A,120,,,,,,,,,,,,,,,college_biometric_observations.xlsx,120 DAY
L001,P027,T13,R2,T13 A,120,,,,,,,,,,,,,,,college_biometric_observations.xlsx,120 DAY
L001,P028,T14,R2,T14 A,120,,,,,,,,,,,,,,,college_biometric_observations.xlsx,120 DAY
L001,P028,T14,R2,T14 A,120,,,,,,,,,,,,,,,college_biometric_observations.xlsx,120 DAY
L001,P028,T14,R2,T14 A,120,,,,,,,,,,,,,,,college_biometric_observations.xlsx,120 DAY
L001,P028,T14,R2,T14 A,120,,,,,,,,,,,,,,,college_biometric_observations.xlsx,120 DAY
L001,P028,T14,R2,T14 A,120,,,,,,,,,,,,,,,college_biometric_observations.xlsx,120 DAY
